State	District	Year	GWL_mbgl
Telangana	KHAMMAM	2022	8.8
Telangana	KHAMMAM	2022	2.93
Telangana	KHAMMAM	2022	5.15
Telangana	KHAMMAM	2023	8.32
Telangana	KHAMMAM	2023	5.53
Telangana	NALGONDA	2023	7.71
Telangana	KHAMMAM	2021	4.55
Telangana	KHAMMAM	2021	2.95
Telangana	KHAMMAM	2021	3.48
Telangana	KHAMMAM	2022	4.68
Telangana	KHAMMAM	2022	7.51
Telangana	KHAMMAM	2022	0.77
Telangana	KHAMMAM	2022	3.2
Telangana	KHAMMAM	2023	5.43
Telangana	KHAMMAM	2023	0.68
Telangana	NALGONDA	2022	4.68
Telangana	NALGONDA	2022	4.28
Telangana	NALGONDA	2023	5.27
Telangana	NALGONDA	2023	5.83
Telangana	SIDDIPET	2023	20.22
Telangana	SIDDIPET	2023	26.21
Telangana	MEDAK	2021	19.68
Telangana	MEDAK	2022	27.25
Telangana	MEDAK	2022	20.2
Telangana	MEDAK	2022	17.77
Telangana	MEDAK	2023	26.21
Telangana	MEDAK	2023	23.56
Telangana	NAGARKURNOOL	2023	3.63
Telangana	NAGARKURNOOL	2023	8.47
Telangana	NAGARKURNOOL	2023	7.39
Telangana	MAHBUBNAGAR	2021	2.87
Telangana	MAHBUBNAGAR	2021	6.09
Telangana	MAHBUBNAGAR	2021	4.15
Telangana	MAHBUBNAGAR	2022	6.72
Telangana	MAHBUBNAGAR	2022	8.34
Telangana	MAHBUBNAGAR	2022	2.83
Telangana	MAHBUBNAGAR	2022	0.76
Telangana	MAHBUBNAGAR	2021	3.52
Telangana	MAHBUBNAGAR	2021	4.02
Telangana	MAHBUBNAGAR	2021	7.08
Telangana	MAHBUBNAGAR	2022	3.03
Telangana	MAHBUBNAGAR	2022	4.17
Telangana	MAHBUBNAGAR	2022	2.73
Telangana	MAHBUBNAGAR	2022	2.46
Telangana	MAHBUBNAGAR	2023	4.06
Telangana	NAGARKURNOOL	2023	4.06
Telangana	NAGARKURNOOL	2023	4.61
Telangana	NAGARKURNOOL	2023	5.17
Telangana	MAHBUBNAGAR	2021	0.32
Telangana	MAHBUBNAGAR	2021	1.69
Telangana	MAHBUBNAGAR	2022	1.1
Telangana	MAHBUBNAGAR	2022	2.8
Telangana	MAHBUBNAGAR	2022	-0.01
Telangana	MAHBUBNAGAR	2022	0.12
Telangana	MAHBUBNAGAR	2023	0.51
Telangana	NALGONDA	2021	36
Telangana	NALGONDA	2021	34.08
Telangana	NALGONDA	2022	7.75
Telangana	NALGONDA	2022	18.53
Telangana	NALGONDA	2022	22.98
Telangana	NALGONDA	2022	7.27
Telangana	NALGONDA	2023	3.6
Telangana	NALGONDA	2023	18.21
Telangana	NALGONDA	2023	44.45
Telangana	RANGA REDDY	2023	3.72
Telangana	RANGA REDDY	2023	7.88
Telangana	KHAMMAM	2021	7.4
Telangana	KHAMMAM	2021	5.06
Telangana	KHAMMAM	2021	5.4
Telangana	KHAMMAM	2022	7.45
Telangana	KHAMMAM	2022	8.62
Telangana	KHAMMAM	2022	1.36
Telangana	KHAMMAM	2022	6.4
Telangana	KHAMMAM	2023	8.13
Telangana	KHAMMAM	2023	9.5
Telangana	KHAMMAM	2023	4.82
Telangana	WARANGAL RURAL	2021	4.03
Telangana	WARANGAL RURAL	2021	1.85
Telangana	WARANGAL RURAL	2021	3.01
Telangana	WARANGAL RURAL	2022	5.53
Telangana	WARANGAL RURAL	2022	0.74
Telangana	WARANGAL RURAL	2022	1.84
Telangana	WARANGAL RURAL	2023	1.2
Telangana	WARANGAL RURAL	2023	1.54
Telangana	WARANGAL RURAL	2023	8.7
Telangana	MAHBUBNAGAR	2021	2.18
Telangana	MAHBUBNAGAR	2021	2.38
Telangana	MAHBUBNAGAR	2021	2.35
Telangana	MAHBUBNAGAR	2022	3.12
Telangana	MAHBUBNAGAR	2022	3.03
Telangana	MAHBUBNAGAR	2022	1.79
Telangana	MAHBUBNAGAR	2022	2.02
Telangana	MAHBUBNAGAR	2023	2.82
Telangana	MAHBUBNAGAR	2023	2.35
Telangana	MAHBUBNAGAR	2023	2.22
Telangana	JOGULAMBA(GADWAL)	2023	2.22
Telangana	JOGULAMBA(GADWAL)	2023	2.9
Telangana	MAHBUBNAGAR	2021	1.88
Telangana	MAHBUBNAGAR	2021	1.92
Telangana	MAHBUBNAGAR	2021	2.02
Telangana	MAHBUBNAGAR	2022	2.08
Telangana	MAHBUBNAGAR	2022	2.37
Telangana	MAHBUBNAGAR	2022	0.43
Telangana	MAHBUBNAGAR	2022	1.51
Telangana	MAHBUBNAGAR	2023	2.22
Telangana	MAHBUBNAGAR	2023	2.41
Telangana	JOGULAMBA(GADWAL)	2023	12.34
Telangana	JOGULAMBA(GADWAL)	2023	12.04
Telangana	MAHBUBNAGAR	2021	6.33
Telangana	MAHBUBNAGAR	2021	12.26
Telangana	MAHBUBNAGAR	2021	11.31
Telangana	MAHBUBNAGAR	2022	13.64
Telangana	MAHBUBNAGAR	2022	13.47
Telangana	MAHBUBNAGAR	2022	8.49
Telangana	MAHBUBNAGAR	2022	7.14
Telangana	MAHBUBNAGAR	2023	12.34
Telangana	MAHBUBNAGAR	2023	12.31
Telangana	NALGONDA	2021	5.78
Telangana	NALGONDA	2021	5.59
Telangana	NALGONDA	2021	3.95
Telangana	NALGONDA	2022	4.23
Telangana	NALGONDA	2022	5.59
Telangana	NALGONDA	2022	4.05
Telangana	NALGONDA	2022	2.95
Telangana	NALGONDA	2023	5.7
Telangana	NALGONDA	2023	4.07
Telangana	WARANGAL RURAL	2023	4.73
Telangana	WARANGAL RURAL	2022	-0.47
Telangana	WARANGAL RURAL	2023	1.34
Telangana	WARANGAL RURAL	2023	0.41
Telangana	RANGA REDDY	2021	8.64
Telangana	RANGA REDDY	2022	8.01
Telangana	RANGA REDDY	2022	10.1
Telangana	RANGA REDDY	2022	4.61
Telangana	RANGA REDDY	2022	4.45
Telangana	MEDCHAL	2023	7.79
Telangana	MEDCHAL	2023	10.93
Telangana	WARANGAL RURAL	2021	2.77
Telangana	WARANGAL RURAL	2021	2
Telangana	WARANGAL RURAL	2021	1.92
Telangana	WARANGAL RURAL	2022	2.3
Telangana	WARANGAL RURAL	2022	3.32
Telangana	WARANGAL RURAL	2022	1.1
Telangana	WARANGAL RURAL	2022	1.7
Telangana	WARANGAL RURAL	2023	2.97
Telangana	WARANGAL RURAL	2023	4.3
Telangana	WARANGAL RURAL	2023	1.45
Telangana	KARIMNAGAR	2021	4.25
Telangana	KARIMNAGAR	2021	2.27
Telangana	KARIMNAGAR	2021	3.03
Telangana	KARIMNAGAR	2022	4.06
Telangana	KARIMNAGAR	2022	5.93
Telangana	KARIMNAGAR	2022	1.64
Telangana	KARIMNAGAR	2022	3.43
Telangana	KARIMNAGAR	2023	3.89
Telangana	KARIMNAGAR	2023	4.48
Telangana	KARIMNAGAR	2023	2.5
Telangana	SIDDIPET	2023	4.2
Telangana	SIDDIPET	2023	12.23
Telangana	MEDAK	2022	6.83
Telangana	MEDAK	2022	13.79
Telangana	MEDAK	2022	5.59
Telangana	MEDAK	2022	6.04
Telangana	MEDAK	2023	12.23
Telangana	MEDAK	2023	6.63
Telangana	JAGITYAL	2023	4.2
Telangana	JAGITYAL	2023	4.48
Telangana	MAHBUBNAGAR	2022	10.01
Telangana	MAHBUBNAGAR	2022	16.15
Telangana	MAHBUBNAGAR	2022	15.22
Telangana	MAHBUBNAGAR	2022	12.47
Telangana	MAHBUBNAGAR	2023	15.99
Telangana	KHAMMAM	2023	6.19
Telangana	KHAMMAM	2023	8.4
Telangana	KHAMMAM	2023	1.2
Telangana	KHAMMAM	2021	5.25
Telangana	KHAMMAM	2021	2.05
Telangana	KHAMMAM	2021	1.38
Telangana	KHAMMAM	2022	5.56
Telangana	KHAMMAM	2022	8.12
Telangana	KHAMMAM	2022	2.13
Telangana	KHAMMAM	2022	3.05
Telangana	KHAMMAM	2023	1.2
Telangana	MAHABUBABAD	2023	1.02
Telangana	NAGARKURNOOL	2023	6.48
Telangana	NAGARKURNOOL	2023	7.31
Telangana	NAGARKURNOOL	2023	7.85
Telangana	KHAMMAM	2021	3.81
Telangana	KHAMMAM	2021	3.55
Telangana	KHAMMAM	2021	3.61
Telangana	KHAMMAM	2022	4.24
Telangana	KHAMMAM	2022	6.68
Telangana	KHAMMAM	2022	1.6
Telangana	KHAMMAM	2023	6.35
Telangana	KHAMMAM	2023	3.9
Telangana	HYDERABAD	2021	5.13
Telangana	HYDERABAD	2021	4.41
Telangana	HYDERABAD	2021	2.92
Telangana	HYDERABAD	2022	5.41
Telangana	HYDERABAD	2022	7.03
Telangana	HYDERABAD	2022	5.6
Telangana	HYDERABAD	2022	5.32
Telangana	HYDERABAD	2023	6.51
Telangana	HYDERABAD	2023	7.02
Telangana	HYDERABAD	2023	5.95
Telangana	RANGA REDDY	2021	9.3
Telangana	RANGA REDDY	2021	10.85
Telangana	RANGA REDDY	2021	6.61
Telangana	RANGA REDDY	2022	10.38
Telangana	RANGA REDDY	2022	9.96
Telangana	RANGA REDDY	2022	4.4
Telangana	RANGA REDDY	2023	5.61
Telangana	RANGA REDDY	2023	9.48
Telangana	RANGA REDDY	2023	7.49
Telangana	RANGA REDDY	2023	5.61
Telangana	MAHBUBNAGAR	2022	12
Telangana	MAHBUBNAGAR	2022	11.2
Telangana	MAHBUBNAGAR	2023	14.19
Telangana	WARANGAL RURAL	2023	0.81
Telangana	WARANGAL RURAL	2021	0.28
Telangana	WARANGAL RURAL	2021	0.13
Telangana	WARANGAL RURAL	2022	0.76
Telangana	WARANGAL RURAL	2022	0.76
Telangana	MAHBUBNAGAR	2021	13.79
Telangana	MAHBUBNAGAR	2021	14.98
Telangana	MAHBUBNAGAR	2021	11.57
Telangana	MAHBUBNAGAR	2022	12.9
Telangana	MAHBUBNAGAR	2022	14.85
Telangana	MAHBUBNAGAR	2022	11.2
Telangana	MAHBUBNAGAR	2022	5.85
Telangana	MAHBUBNAGAR	2023	6.48
Telangana	RANGA REDDY	2021	6.7
Telangana	RANGA REDDY	2021	6.16
Telangana	RANGA REDDY	2021	4.29
Telangana	RANGA REDDY	2022	6.8
Telangana	RANGA REDDY	2022	9.4
Telangana	RANGA REDDY	2022	4.4
Telangana	RANGA REDDY	2022	5.23
Telangana	RANGA REDDY	2023	5.88
Telangana	RANGA REDDY	2023	8.16
Telangana	KHAMMAM	2022	12.26
Telangana	KHAMMAM	2022	11.54
Telangana	KHAMMAM	2023	14.56
Telangana	KHAMMAM	2023	12.12
Telangana	KHAMMAM	2022	11.8
Telangana	RANGA REDDY	2021	5.02
Telangana	RANGA REDDY	2021	5.68
Telangana	RANGA REDDY	2021	2.54
Telangana	RANGA REDDY	2022	3.14
Telangana	RANGA REDDY	2022	7.9
Telangana	RANGA REDDY	2022	3.26
Telangana	RANGA REDDY	2022	3.1
Telangana	RANGA REDDY	2023	3.72
Telangana	RANGA REDDY	2023	6.26
Telangana	WARANGAL RURAL	2021	2.71
Telangana	WARANGAL RURAL	2021	0.76
Telangana	WARANGAL RURAL	2021	1.73
Telangana	WARANGAL RURAL	2022	3.09
Telangana	WARANGAL RURAL	2022	3.86
Telangana	WARANGAL RURAL	2022	2.07
Telangana	WARANGAL RURAL	2023	1.02
Telangana	WARANGAL RURAL	2023	4.1
Telangana	WARANGAL RURAL	2023	0.18
Telangana	MAHBUBNAGAR	2021	7.7
Telangana	MAHBUBNAGAR	2021	3.69
Telangana	MAHBUBNAGAR	2022	29.85
Telangana	MAHBUBNAGAR	2022	7.65
Telangana	MAHBUBNAGAR	2022	9.06
Telangana	MAHBUBNAGAR	2023	9.65
Telangana	NIZAMABAD	2022	3.29
Telangana	NIZAMABAD	2022	8.14
Telangana	NIZAMABAD	2022	2.02
Telangana	NIZAMABAD	2022	1.99
Telangana	NIZAMABAD	2023	9.62
Telangana	NIZAMABAD	2023	6.94
Telangana	KHAMMAM	2023	5.21
Telangana	KHAMMAM	2023	3
Telangana	MEDAK	2021	9.28
Telangana	MEDAK	2021	12.7
Telangana	MEDAK	2021	5.01
Telangana	MEDAK	2022	4.16
Telangana	MEDAK	2022	5.08
Telangana	MEDAK	2022	5.18
Telangana	MEDAK	2022	3.78
Telangana	MEDAK	2023	7.01
Telangana	MEDAK	2023	7.04
Telangana	MEDAK	2023	5.85
Telangana	SANGA REDDY	2023	7.01
Telangana	NALGONDA	2021	6.56
Telangana	NALGONDA	2021	6.92
Telangana	NALGONDA	2021	2.05
Telangana	NALGONDA	2022	1.75
Telangana	NALGONDA	2022	3.05
Telangana	NALGONDA	2022	2.55
Telangana	NALGONDA	2022	1.87
Telangana	NALGONDA	2023	3.79
Telangana	NALGONDA	2023	5.85
Telangana	NALGONDA	2023	6.47
Telangana	NALGONDA	2021	67.78
Telangana	NALGONDA	2021	21.18
Telangana	NALGONDA	2022	4.09
Telangana	NALGONDA	2022	5.21
Telangana	NALGONDA	2022	9.76
Telangana	NALGONDA	2022	25.24
Telangana	NALGONDA	2023	3.7
Telangana	NALGONDA	2023	6.75
Telangana	NALGONDA	2023	11.41
Telangana	RANGA REDDY	2021	6.02
Telangana	RANGA REDDY	2021	4.91
Telangana	RANGA REDDY	2021	5.97
Telangana	RANGA REDDY	2022	7.02
Telangana	RANGA REDDY	2022	8
Telangana	RANGA REDDY	2022	4.47
Telangana	RANGA REDDY	2022	5.5
Telangana	RANGA REDDY	2023	7.69
Telangana	RANGA REDDY	2023	9.91
Telangana	RANGA REDDY	2023	5.83
Telangana	NALGONDA	2021	2.44
Telangana	NALGONDA	2021	2.71
Telangana	NALGONDA	2021	2.2
Telangana	NALGONDA	2022	3.04
Telangana	NALGONDA	2022	4.61
Telangana	NALGONDA	2022	2.56
Telangana	NALGONDA	2022	1.98
Telangana	NALGONDA	2023	2.69
Telangana	NALGONDA	2023	4.69
Telangana	NALGONDA	2023	4.62
Telangana	JOGULAMBA(GADWAL)	2023	5.58
Telangana	JOGULAMBA(GADWAL)	2023	5.82
Telangana	MAHBUBNAGAR	2022	3.91
Telangana	MAHBUBNAGAR	2022	7.51
Telangana	MAHBUBNAGAR	2022	3.79
Telangana	MAHBUBNAGAR	2022	3.46
Telangana	MAHBUBNAGAR	2023	4.27
Telangana	NIZAMABAD	2021	4.01
Telangana	NIZAMABAD	2022	1.87
Telangana	NIZAMABAD	2022	15.64
Telangana	NIZAMABAD	2022	2.63
Telangana	NIZAMABAD	2022	0.83
Telangana	NIZAMABAD	2023	16.51
Telangana	NIZAMABAD	2023	4.01
Telangana	NIZAMABAD	2023	4.05
Telangana	NIZAMABAD	2023	2.37
Telangana	NIZAMABAD	2022	0.91
Telangana	NIZAMABAD	2022	1.25
Telangana	NIZAMABAD	2021	2.7
Telangana	NIZAMABAD	2021	1.42
Telangana	NIZAMABAD	2021	1.23
Telangana	NIZAMABAD	2022	1.98
Telangana	NIZAMABAD	2022	3.6
Telangana	NIZAMABAD	2022	0.88
Telangana	NIZAMABAD	2022	1.15
Telangana	NIZAMABAD	2023	1.37
Telangana	NIZAMABAD	2021	7.4
Telangana	NIZAMABAD	2021	5.89
Telangana	NIZAMABAD	2021	5.05
Telangana	NIZAMABAD	2022	6.56
Telangana	NIZAMABAD	2022	9.44
Telangana	NIZAMABAD	2022	4.49
Telangana	NIZAMABAD	2022	4.55
Telangana	NIZAMABAD	2023	6.96
Telangana	NIZAMABAD	2023	9.45
Telangana	NIZAMABAD	2023	5.31
Telangana	MEDAK	2021	5.06
Telangana	MEDAK	2021	2.7
Telangana	MEDAK	2021	1.74
Telangana	MEDAK	2022	3.59
Telangana	MEDAK	2022	9.63
Telangana	MEDAK	2022	1.75
Telangana	MEDAK	2022	1.95
Telangana	MEDAK	2023	5.67
Telangana	MEDAK	2023	10.76
Telangana	MEDAK	2023	3.53
Telangana	SANGA REDDY	2023	5.67
Telangana	MAHBUBNAGAR	2022	2.84
Telangana	MAHBUBNAGAR	2022	2.5
Telangana	MAHBUBNAGAR	2023	5.48
Telangana	KARIMNAGAR	2021	2.95
Telangana	KARIMNAGAR	2021	2.38
Telangana	KARIMNAGAR	2021	2.75
Telangana	KARIMNAGAR	2022	2.65
Telangana	KARIMNAGAR	2022	2.46
Telangana	KARIMNAGAR	2022	1.94
Telangana	KARIMNAGAR	2022	2.34
Telangana	KARIMNAGAR	2023	3.58
Telangana	KARIMNAGAR	2023	3.65
Telangana	KARIMNAGAR	2023	2.71
Telangana	SURYAPET	2023	3.71
Telangana	NALGONDA	2021	7.07
Telangana	NALGONDA	2021	3.84
Telangana	NALGONDA	2021	4.81
Telangana	NALGONDA	2022	5.07
Telangana	NALGONDA	2022	4.52
Telangana	NALGONDA	2022	1.99
Telangana	NALGONDA	2022	2.41
Telangana	NALGONDA	2023	3.71
Telangana	NALGONDA	2023	5.18
Telangana	NALGONDA	2023	3.58
Telangana	WARANGAL RURAL	2021	2.42
Telangana	WARANGAL RURAL	2021	1.14
Telangana	WARANGAL RURAL	2021	1.33
Telangana	WARANGAL RURAL	2022	2.38
Telangana	WARANGAL RURAL	2022	3.09
Telangana	WARANGAL RURAL	2022	0.49
Telangana	WARANGAL RURAL	2022	0.52
Telangana	WARANGAL RURAL	2023	2.32
Telangana	WARANGAL RURAL	2023	2.85
Telangana	WARANGAL RURAL	2023	0.62
Telangana	KHAMMAM	2021	3.47
Telangana	KHAMMAM	2021	2.59
Telangana	KHAMMAM	2021	2.51
Telangana	KHAMMAM	2022	3.97
Telangana	KHAMMAM	2022	3.52
Telangana	KHAMMAM	2022	1.45
Telangana	KHAMMAM	2022	2.66
Telangana	KHAMMAM	2023	3.7
Telangana	KHAMMAM	2023	2.21
Telangana	ADILABAD	2021	11.99
Telangana	ADILABAD	2021	10.75
Telangana	ADILABAD	2021	9.87
Telangana	ADILABAD	2022	9.97
Telangana	ADILABAD	2022	10.16
Telangana	ADILABAD	2022	7.7
Telangana	ADILABAD	2022	7.35
Telangana	ADILABAD	2023	9.26
Telangana	ADILABAD	2023	11.36
Telangana	ADILABAD	2023	10.26
Telangana	KHAMMAM	2021	2.29
Telangana	KHAMMAM	2021	0.87
Telangana	KHAMMAM	2021	3.16
Telangana	KHAMMAM	2022	1.54
Telangana	KHAMMAM	2022	4.97
Telangana	KHAMMAM	2022	0.39
Telangana	KHAMMAM	2022	0.94
Telangana	KHAMMAM	2022	24.01
Telangana	KHAMMAM	2022	20.94
Telangana	KHAMMAM	2023	26.55
Telangana	KHAMMAM	2023	11.38
Telangana	SANGA REDDY	2023	15.48
Telangana	MEDAK	2021	16.16
Telangana	MEDAK	2021	18
Telangana	MEDAK	2021	13.65
Telangana	MEDAK	2022	16.46
Telangana	MEDAK	2022	22.19
Telangana	MEDAK	2022	13.05
Telangana	MEDAK	2022	13.62
Telangana	MEDAK	2023	15.48
Telangana	MEDAK	2023	17.89
Telangana	MEDAK	2023	14.74
Telangana	HYDERABAD	2021	10
Telangana	HYDERABAD	2021	16.4
Telangana	HYDERABAD	2021	10.71
Telangana	HYDERABAD	2022	13.5
Telangana	HYDERABAD	2022	14.15
Telangana	HYDERABAD	2022	10.7
Telangana	HYDERABAD	2023	17.19
Telangana	MEDAK	2021	15.2
Telangana	MEDAK	2021	23.07
Telangana	MEDAK	2021	13.52
Telangana	MEDAK	2022	13.28
Telangana	MEDAK	2022	21.75
Telangana	MEDAK	2022	15.48
Telangana	MEDAK	2022	10.1
Telangana	MEDAK	2023	10.67
Telangana	MEDAK	2023	18.89
Telangana	MEDAK	2023	17.87
Telangana	WARANGAL URBAN	2023	2.83
Telangana	WARANGAL URBAN	2023	4.2
Telangana	WARANGAL RURAL	2021	2.36
Telangana	WARANGAL RURAL	2021	1.75
Telangana	WARANGAL RURAL	2021	1.72
Telangana	WARANGAL RURAL	2022	1.91
Telangana	WARANGAL RURAL	2022	3.8
Telangana	WARANGAL RURAL	2022	0.88
Telangana	WARANGAL RURAL	2023	4.2
Telangana	WARANGAL RURAL	2023	1.96
Telangana	WANAPARTHY	2023	9.35
Telangana	WANAPARTHY	2023	9.21
Telangana	MAHBUBNAGAR	2021	8.49
Telangana	MAHBUBNAGAR	2021	5.1
Telangana	MAHBUBNAGAR	2021	5.78
Telangana	MAHBUBNAGAR	2022	8.82
Telangana	MAHBUBNAGAR	2022	6.97
Telangana	MAHBUBNAGAR	2022	4.79
Telangana	MAHBUBNAGAR	2022	6.78
Telangana	MAHBUBNAGAR	2023	9.35
Telangana	MAHBUBNAGAR	2023	5.82
Telangana	NIZAMABAD	2021	6.97
Telangana	NIZAMABAD	2021	2.23
Telangana	NIZAMABAD	2021	0.89
Telangana	NIZAMABAD	2022	3.73
Telangana	NIZAMABAD	2022	12.91
Telangana	NIZAMABAD	2022	3.58
Telangana	NIZAMABAD	2022	0.95
Telangana	NIZAMABAD	2023	10.21
Telangana	NIZAMABAD	2023	16.69
Telangana	NIZAMABAD	2023	5.31
Telangana	ADILABAD	2022	22.07
Telangana	ADILABAD	2023	24.33
Telangana	WARANGAL RURAL	2022	3.95
Telangana	WARANGAL RURAL	2022	7.74
Telangana	WARANGAL RURAL	2023	14.21
Telangana	WARANGAL RURAL	2023	5.36
Telangana	MEDAK	2023	7.82
Telangana	MEDAK	2021	9
Telangana	MEDAK	2021	5.55
Telangana	MEDAK	2021	4.23
Telangana	MEDAK	2022	7.4
Telangana	MEDAK	2022	9.52
Telangana	MEDAK	2022	6.1
Telangana	MEDAK	2022	5.95
Telangana	MEDAK	2023	8.84
Telangana	MEDAK	2023	6.3
Telangana	KHAMMAM	2021	4.46
Telangana	KHAMMAM	2021	2.98
Telangana	KHAMMAM	2021	2.41
Telangana	KHAMMAM	2022	4.66
Telangana	KHAMMAM	2022	9
Telangana	KHAMMAM	2022	1.3
Telangana	KHAMMAM	2022	2.24
Telangana	KHAMMAM	2023	5.46
Telangana	KHAMMAM	2023	9.9
Telangana	KHAMMAM	2023	4.26
Telangana	HYDERABAD	2021	4.55
Telangana	HYDERABAD	2021	6.33
Telangana	HYDERABAD	2021	3.63
Telangana	HYDERABAD	2022	4.19
Telangana	HYDERABAD	2022	6.14
Telangana	HYDERABAD	2022	4.68
Telangana	HYDERABAD	2022	4.41
Telangana	HYDERABAD	2023	5.96
Telangana	HYDERABAD	2023	4.44
Telangana	HYDERABAD	2023	5.28
Telangana	NIZAMABAD	2021	9.9
Telangana	NIZAMABAD	2021	2.04
Telangana	NIZAMABAD	2022	4.42
Telangana	NIZAMABAD	2022	3.89
Telangana	NIZAMABAD	2022	1.38
Telangana	NIZAMABAD	2022	1.45
Telangana	NIZAMABAD	2023	3.46
Telangana	NIZAMABAD	2023	5.84
Telangana	NIZAMABAD	2023	3.93
Telangana	ADILABAD	2022	4.93
Telangana	ADILABAD	2022	6.4
Telangana	ADILABAD	2022	2.21
Telangana	ADILABAD	2022	2.85
Telangana	ADILABAD	2023	1.97
Telangana	MAHBUBNAGAR	2021	7.92
Telangana	MAHBUBNAGAR	2021	6.67
Telangana	MAHBUBNAGAR	2021	5.47
Telangana	MAHBUBNAGAR	2022	7.87
Telangana	MAHBUBNAGAR	2022	11.21
Telangana	MAHBUBNAGAR	2022	6.98
Telangana	MAHBUBNAGAR	2022	9.2
Telangana	MAHBUBNAGAR	2023	9.35
Telangana	MAHBUBNAGAR	2023	9.71
Telangana	MAHBUBNAGAR	2023	8.59
Telangana	MAHBUBNAGAR	2023	9.35
Telangana	NIZAMABAD	2021	4.1
Telangana	NIZAMABAD	2021	1.62
Telangana	NIZAMABAD	2021	1.26
Telangana	NIZAMABAD	2022	2.12
Telangana	NIZAMABAD	2022	4.77
Telangana	NIZAMABAD	2022	1.1
Telangana	NIZAMABAD	2022	1.53
Telangana	NIZAMABAD	2023	5.35
Telangana	NIZAMABAD	2023	2.07
Telangana	NIZAMABAD	2021	2.61
Telangana	NIZAMABAD	2021	0.86
Telangana	NIZAMABAD	2021	1.29
Telangana	NIZAMABAD	2022	2.22
Telangana	NIZAMABAD	2022	4.53
Telangana	NIZAMABAD	2022	0.81
Telangana	NIZAMABAD	2022	1.25
Telangana	NIZAMABAD	2023	2.72
Telangana	NIZAMABAD	2023	5.16
Telangana	NIZAMABAD	2023	1.24
Telangana	NIZAMABAD	2023	3.09
Telangana	SURYAPET	2023	1.23
Telangana	NALGONDA	2021	5.49
Telangana	NALGONDA	2021	5.48
Telangana	NALGONDA	2021	4.72
Telangana	NALGONDA	2022	4.28
Telangana	NALGONDA	2022	4.06
Telangana	NALGONDA	2022	3.98
Telangana	NALGONDA	2022	3.33
Telangana	NALGONDA	2023	1.23
Telangana	NALGONDA	2023	4.86
Telangana	NALGONDA	2023	5.92
Telangana	RANGA REDDY	2021	2.82
Telangana	RANGA REDDY	2021	1.85
Telangana	RANGA REDDY	2021	2.16
Telangana	RANGA REDDY	2022	2.99
Telangana	RANGA REDDY	2022	3.05
Telangana	RANGA REDDY	2022	2.44
Telangana	RANGA REDDY	2023	3.84
Telangana	RANGA REDDY	2023	4.56
Telangana	RANGA REDDY	2023	3.91
Telangana	MEDCHAL	2023	3.84
Telangana	MEDCHAL	2023	3.86
Telangana	MAHBUBNAGAR	2021	1.9
Telangana	MAHBUBNAGAR	2021	1.27
Telangana	MAHBUBNAGAR	2021	1.67
Telangana	MAHBUBNAGAR	2022	1.89
Telangana	MAHBUBNAGAR	2022	1.6
Telangana	MAHBUBNAGAR	2022	1.45
Telangana	MAHBUBNAGAR	2022	1.52
Telangana	MAHBUBNAGAR	2023	2.97
Telangana	MAHBUBNAGAR	2023	2.46
Telangana	MAHBUBNAGAR	2023	1.95
Telangana	RANGA REDDY	2021	5.15
Telangana	RANGA REDDY	2021	4.03
Telangana	RANGA REDDY	2021	5.48
Telangana	RANGA REDDY	2022	7.24
Telangana	RANGA REDDY	2022	5.8
Telangana	RANGA REDDY	2022	2.35
Telangana	RANGA REDDY	2022	3.64
Telangana	RANGA REDDY	2023	7.02
Telangana	RANGA REDDY	2023	4.54
Telangana	ADILABAD	2023	5.29
Telangana	ADILABAD	2023	3.87
Telangana	NIRMAL	2023	6.75
Telangana	ADILABAD	2021	10.24
Telangana	ADILABAD	2021	8.27
Telangana	ADILABAD	2021	7.57
Telangana	ADILABAD	2022	8.38
Telangana	ADILABAD	2022	9.86
Telangana	ADILABAD	2022	6.25
Telangana	ADILABAD	2022	5.55
Telangana	ADILABAD	2023	6.75
Telangana	ADILABAD	2023	9.01
Telangana	ADILABAD	2023	5.27
Telangana	KARIMNAGAR	2023	4.98
Telangana	KARIMNAGAR	2023	0.08
Telangana	KHAMMAM	2022	2.45
Telangana	KHAMMAM	2022	4.96
Telangana	KHAMMAM	2022	1.05
Telangana	RANGA REDDY	2021	12.35
Telangana	RANGA REDDY	2021	8.8
Telangana	RANGA REDDY	2021	8.42
Telangana	RANGA REDDY	2022	11.1
Telangana	RANGA REDDY	2022	8.43
Telangana	RANGA REDDY	2022	8.2
Telangana	RANGA REDDY	2023	9.31
Telangana	MAHBUBNAGAR	2021	2.74
Telangana	MAHBUBNAGAR	2021	2.76
Telangana	MAHBUBNAGAR	2022	3.34
Telangana	MAHBUBNAGAR	2022	4.6
Telangana	MAHBUBNAGAR	2022	1.64
Telangana	MAHBUBNAGAR	2022	1.37
Telangana	MAHBUBNAGAR	2023	2.01
Telangana	NIZAMABAD	2023	3.53
Telangana	NIZAMABAD	2021	3.01
Telangana	NIZAMABAD	2021	4.95
Telangana	NIZAMABAD	2021	2.09
Telangana	NIZAMABAD	2022	2.8
Telangana	NIZAMABAD	2022	9
Telangana	NIZAMABAD	2022	2.63
Telangana	NIZAMABAD	2022	1.99
Telangana	NIZAMABAD	2023	2.68
Telangana	NIZAMABAD	2023	7.32
Telangana	KARIMNAGAR	2021	1.03
Telangana	KARIMNAGAR	2021	3.4
Telangana	KARIMNAGAR	2021	0.01
Telangana	KARIMNAGAR	2022	1.15
Telangana	KARIMNAGAR	2022	0.52
Telangana	KARIMNAGAR	2022	1.53
Telangana	KARIMNAGAR	2022	0.6
Telangana	KARIMNAGAR	2023	2.13
Telangana	RANGA REDDY	2021	0.55
Telangana	RANGA REDDY	2021	0.62
Telangana	RANGA REDDY	2021	0.4
Telangana	RANGA REDDY	2022	0.67
Telangana	RANGA REDDY	2022	0.95
Telangana	RANGA REDDY	2022	0.55
Telangana	RANGA REDDY	2022	0.75
Telangana	RANGA REDDY	2023	2.6
Telangana	RANGA REDDY	2023	4.33
Telangana	RANGA REDDY	2023	1.75
Telangana	KHAMMAM	2022	13.56
Telangana	KHAMMAM	2022	1.4
Telangana	KHAMMAM	2022	3.24
Telangana	KHAMMAM	2023	6.34
Telangana	KHAMMAM	2023	4.86
Telangana	MAHBUBNAGAR	2021	3.18
Telangana	MAHBUBNAGAR	2021	2.77
Telangana	MAHBUBNAGAR	2021	14.18
Telangana	MAHBUBNAGAR	2022	5.94
Telangana	MAHBUBNAGAR	2022	4.98
Telangana	MAHBUBNAGAR	2022	3.86
Telangana	MAHBUBNAGAR	2022	6.37
Telangana	MAHBUBNAGAR	2023	3.99
Telangana	MAHBUBNAGAR	2023	4.91
Telangana	JOGULAMBA(GADWAL)	2023	3.99
Telangana	JOGULAMBA(GADWAL)	2023	4.9
Telangana	WARANGAL RURAL	2021	2.23
Telangana	WARANGAL RURAL	2021	1.71
Telangana	WARANGAL RURAL	2021	1.35
Telangana	WARANGAL RURAL	2022	2.06
Telangana	WARANGAL RURAL	2022	2.01
Telangana	WARANGAL RURAL	2022	0.85
Telangana	WARANGAL RURAL	2023	2.1
Telangana	WARANGAL RURAL	2023	1.24
Telangana	HYDERABAD	2023	34.36
Telangana	HYDERABAD	2023	14.29
Telangana	HYDERABAD	2023	11.65
Telangana	HYDERABAD	2021	9.13
Telangana	HYDERABAD	2021	9.66
Telangana	HYDERABAD	2022	11.6
Telangana	HYDERABAD	2022	15.59
Telangana	HYDERABAD	2022	10.08
Telangana	HYDERABAD	2022	9.31
Telangana	HYDERABAD	2023	15.61
Telangana	HYDERABAD	2021	4.68
Telangana	HYDERABAD	2021	5.9
Telangana	HYDERABAD	2022	40.84
Telangana	HYDERABAD	2022	7.9
Telangana	HYDERABAD	2022	7.7
Telangana	HYDERABAD	2023	9.1
Telangana	HYDERABAD	2023	8.14
Telangana	KARIMNAGAR	2021	3.61
Telangana	KARIMNAGAR	2021	3.17
Telangana	KARIMNAGAR	2021	2.26
Telangana	KARIMNAGAR	2022	3.3
Telangana	KARIMNAGAR	2022	6.63
Telangana	KARIMNAGAR	2022	3.14
Telangana	KARIMNAGAR	2022	2.74
Telangana	KARIMNAGAR	2023	5.51
Telangana	KARIMNAGAR	2023	5.78
Telangana	SIDDIPET	2023	5.51
Telangana	SIDDIPET	2023	11.21
Telangana	ADILABAD	2021	5.7
Telangana	ADILABAD	2021	2.01
Telangana	ADILABAD	2021	2.02
Telangana	ADILABAD	2022	2.84
Telangana	ADILABAD	2022	5.24
Telangana	ADILABAD	2022	4.89
Telangana	ADILABAD	2022	1.5
Telangana	ADILABAD	2023	3.32
Telangana	ADILABAD	2023	2.01
Telangana	ADILABAD	2021	1.22
Telangana	ADILABAD	2021	2.18
Telangana	ADILABAD	2022	1.66
Telangana	ADILABAD	2022	1.11
Telangana	ADILABAD	2022	2.23
Telangana	ADILABAD	2023	4.36
Telangana	ADILABAD	2023	1.88
Telangana	ADILABAD	2021	-0.02
Telangana	ADILABAD	2021	0.28
Telangana	ADILABAD	2021	0.23
Telangana	ADILABAD	2022	0.02
Telangana	ADILABAD	2022	-0.06
Telangana	ADILABAD	2022	-0.23
Telangana	ADILABAD	2022	0.12
Telangana	ADILABAD	2023	1.26
Telangana	ADILABAD	2023	2.26
Telangana	ADILABAD	2021	2.92
Telangana	ADILABAD	2021	3.55
Telangana	ADILABAD	2022	7.97
Telangana	ADILABAD	2022	14.57
Telangana	ADILABAD	2022	2.98
Telangana	ADILABAD	2022	4.13
Telangana	ADILABAD	2023	12.73
Telangana	ADILABAD	2023	4.97
Telangana	NALGONDA	2022	0.59
Telangana	NALGONDA	2022	0.38
Telangana	NALGONDA	2023	1.57
Telangana	NALGONDA	2023	1.36
Telangana	NALGONDA	2022	0.4
Telangana	NALGONDA	2022	0.71
Telangana	NALGONDA	2022	0.53
Telangana	NALGONDA	2022	0.35
Telangana	NALGONDA	2023	1.8
Telangana	NALGONDA	2023	1.65
Telangana	KHAMMAM	2022	4.92
Telangana	KHAMMAM	2022	7
Telangana	KHAMMAM	2022	3.98
Telangana	KHAMMAM	2022	4.1
Telangana	KHAMMAM	2023	13.56
Telangana	KHAMMAM	2023	4.9
Telangana	ADILABAD	2021	4.92
Telangana	ADILABAD	2021	5.03
Telangana	ADILABAD	2021	5.34
Telangana	ADILABAD	2022	5.62
Telangana	ADILABAD	2022	6.17
Telangana	ADILABAD	2022	4.1
Telangana	ADILABAD	2022	2.85
Telangana	ADILABAD	2023	6.07
Telangana	ADILABAD	2023	5.04
Telangana	ADILABAD	2021	4.95
Telangana	ADILABAD	2021	1.8
Telangana	ADILABAD	2021	3.05
Telangana	ADILABAD	2022	3.31
Telangana	ADILABAD	2022	9.28
Telangana	ADILABAD	2022	1.47
Telangana	ADILABAD	2022	2.35
Telangana	ADILABAD	2023	5.95
Telangana	ADILABAD	2023	5.16
Telangana	ADILABAD	2023	4.67
Telangana	MANCHERIAL	2023	5.95
Telangana	ADILABAD	2021	3.65
Telangana	ADILABAD	2021	3.72
Telangana	ADILABAD	2021	3.33
Telangana	ADILABAD	2022	4.59
Telangana	ADILABAD	2022	1.92
Telangana	ADILABAD	2022	2.9
Telangana	ADILABAD	2023	5.74
Telangana	ADILABAD	2023	5.16
Telangana	ADILABAD	2023	4.69
Telangana	NIZAMABAD	2021	4.31
Telangana	NIZAMABAD	2022	4.91
Telangana	NIZAMABAD	2022	7.46
Telangana	NIZAMABAD	2022	3.74
Telangana	NIZAMABAD	2022	3.28
Telangana	NIZAMABAD	2023	7.26
Telangana	NIZAMABAD	2023	6.38
Telangana	NIZAMABAD	2021	1.14
Telangana	NIZAMABAD	2021	6.27
Telangana	NIZAMABAD	2021	1.21
Telangana	NIZAMABAD	2022	1.66
Telangana	NIZAMABAD	2022	2.24
Telangana	NIZAMABAD	2022	0.77
Telangana	NIZAMABAD	2022	0.44
Telangana	NIZAMABAD	2023	1.89
Telangana	NIZAMABAD	2023	5.65
Telangana	NIZAMABAD	2023	1.4
Telangana	NIZAMABAD	2021	4.31
Telangana	NIZAMABAD	2021	6.15
Telangana	NIZAMABAD	2021	1.27
Telangana	NIZAMABAD	2022	4.58
Telangana	NIZAMABAD	2022	10.19
Telangana	NIZAMABAD	2022	3.8
Telangana	NIZAMABAD	2022	3.35
Telangana	NIZAMABAD	2023	9.36
Telangana	NIZAMABAD	2023	6.47
Telangana	KAMAREDDY	2023	5.65
Telangana	MEDAK	2021	16.72
Telangana	MEDAK	2021	14.74
Telangana	MEDAK	2021	6.83
Telangana	MEDAK	2022	8.82
Telangana	MEDAK	2022	12.78
Telangana	MEDAK	2022	11.65
Telangana	MEDAK	2022	8.25
Telangana	MEDAK	2023	14.29
Telangana	MEDAK	2023	10.35
Telangana	MEDAK	2023	6.55
Telangana	SANGA REDDY	2023	8.84
Telangana	ADILABAD	2021	3.68
Telangana	ADILABAD	2021	0.17
Telangana	ADILABAD	2021	2.89
Telangana	ADILABAD	2022	3.47
Telangana	ADILABAD	2022	5.08
Telangana	ADILABAD	2022	1.03
Telangana	ADILABAD	2022	5.3
Telangana	ADILABAD	2023	4.42
Telangana	ADILABAD	2023	7.53
Telangana	MEDAK	2023	4.99
Telangana	MEDAK	2023	3.27
Telangana	MEDAK	2023	2.23
Telangana	MEDAK	2021	5.44
Telangana	MEDAK	2021	1.55
Telangana	MEDAK	2021	1.25
Telangana	MEDAK	2022	2.36
Telangana	MEDAK	2022	4.79
Telangana	MEDAK	2022	0.76
Telangana	MEDAK	2022	1.14
Telangana	MEDAK	2023	3.27
Telangana	MEDAK	2023	4.21
Telangana	NALGONDA	2021	4.45
Telangana	NALGONDA	2021	2.48
Telangana	NALGONDA	2021	2.61
Telangana	NALGONDA	2022	3.24
Telangana	NALGONDA	2022	6.52
Telangana	NALGONDA	2022	5.11
Telangana	NALGONDA	2022	5.66
Telangana	NALGONDA	2023	4.2
Telangana	NALGONDA	2023	8.32
Telangana	NALGONDA	2023	9.01
Telangana	NALGONDA	2021	4.23
Telangana	NALGONDA	2021	2.14
Telangana	NALGONDA	2021	2.35
Telangana	NALGONDA	2022	2.04
Telangana	NALGONDA	2022	6.38
Telangana	NALGONDA	2022	4.92
Telangana	NALGONDA	2022	5.46
Telangana	NALGONDA	2023	3.7
Telangana	NALGONDA	2023	8.05
Telangana	NALGONDA	2023	8.88
Telangana	KHAMMAM	2022	2.17
Telangana	KHAMMAM	2022	3.6
Telangana	KHAMMAM	2022	0.86
Telangana	KHAMMAM	2022	1.58
Telangana	KHAMMAM	2023	3.86
Telangana	KHAMMAM	2023	0.52
Telangana	NALGONDA	2022	3.85
Telangana	NALGONDA	2022	9.62
Telangana	NALGONDA	2023	21.14
Telangana	RAJANNA SIRCILLA	2023	5.85
Telangana	KARIMNAGAR	2021	6.02
Telangana	KARIMNAGAR	2021	6.76
Telangana	KARIMNAGAR	2021	5.25
Telangana	KARIMNAGAR	2022	5.23
Telangana	KARIMNAGAR	2022	6.48
Telangana	KARIMNAGAR	2022	3.53
Telangana	KARIMNAGAR	2022	4.74
Telangana	KARIMNAGAR	2023	5.85
Telangana	KARIMNAGAR	2023	7.03
Telangana	KARIMNAGAR	2023	5.73
Telangana	HYDERABAD	2021	2.6
Telangana	HYDERABAD	2021	3.39
Telangana	HYDERABAD	2021	2.75
Telangana	HYDERABAD	2022	7.38
Telangana	HYDERABAD	2022	1.6
Telangana	HYDERABAD	2022	1.42
Telangana	HYDERABAD	2023	2.18
Telangana	HYDERABAD	2023	2.27
Telangana	RANGA REDDY	2021	2.16
Telangana	RANGA REDDY	2021	3.2
Telangana	RANGA REDDY	2021	2.66
Telangana	RANGA REDDY	2022	3.56
Telangana	RANGA REDDY	2022	5.26
Telangana	RANGA REDDY	2022	1.64
Telangana	RANGA REDDY	2022	1.51
Telangana	RANGA REDDY	2023	2.97
Telangana	RANGA REDDY	2023	4.33
Telangana	KHAMMAM	2021	2.84
Telangana	KHAMMAM	2021	0.97
Telangana	KHAMMAM	2021	1.47
Telangana	KHAMMAM	2022	2.67
Telangana	KHAMMAM	2022	6
Telangana	KHAMMAM	2022	0.89
Telangana	KHAMMAM	2022	1.77
Telangana	KHAMMAM	2023	4.74
Telangana	KHAMMAM	2023	6.35
Telangana	KHAMMAM	2023	2.2
Telangana	MAHBUBNAGAR	2021	10.58
Telangana	MAHBUBNAGAR	2022	10.02
Telangana	MAHBUBNAGAR	2023	1.7
Telangana	MAHBUBNAGAR	2023	10.3
Telangana	NAGARKURNOOL	2023	1.7
Telangana	RANGA REDDY	2021	1.58
Telangana	RANGA REDDY	2021	1.39
Telangana	RANGA REDDY	2021	0.89
Telangana	RANGA REDDY	2022	1.28
Telangana	RANGA REDDY	2022	2.43
Telangana	RANGA REDDY	2022	1.03
Telangana	RANGA REDDY	2022	1.23
Telangana	RANGA REDDY	2023	2.32
Telangana	MAHBUBNAGAR	2022	4.08
Telangana	MAHBUBNAGAR	2022	3.42
Telangana	MAHBUBNAGAR	2023	3.58
Telangana	WARANGAL RURAL	2021	3.3
Telangana	WARANGAL RURAL	2021	4.05
Telangana	WARANGAL RURAL	2021	0.71
Telangana	WARANGAL RURAL	2022	2.42
Telangana	WARANGAL RURAL	2022	16.33
Telangana	WARANGAL RURAL	2022	2.91
Telangana	WARANGAL RURAL	2022	1.3
Telangana	WARANGAL RURAL	2023	4.89
Telangana	WARANGAL RURAL	2023	10.8
Telangana	WARANGAL RURAL	2022	6.89
Telangana	WARANGAL RURAL	2022	11.2
Telangana	WARANGAL RURAL	2023	18.8
Telangana	WARANGAL RURAL	2023	0.93
Telangana	WARANGAL RURAL	2022	5.33
Telangana	WARANGAL RURAL	2023	4.06
Telangana	NALGONDA	2021	1.07
Telangana	NALGONDA	2021	0.49
Telangana	NALGONDA	2021	0.58
Telangana	NALGONDA	2022	1.55
Telangana	NALGONDA	2022	2.51
Telangana	NALGONDA	2022	0.43
Telangana	NALGONDA	2022	0.67
Telangana	NALGONDA	2023	1.7
Telangana	NALGONDA	2023	2.29
Telangana	JOGULAMBA(GADWAL)	2023	2.35
Telangana	JOGULAMBA(GADWAL)	2023	3.1
Telangana	MAHBUBNAGAR	2021	1.51
Telangana	MAHBUBNAGAR	2022	1.65
Telangana	MAHBUBNAGAR	2022	2.6
Telangana	MAHBUBNAGAR	2022	1.94
Telangana	MAHBUBNAGAR	2022	1.62
Telangana	MAHBUBNAGAR	2023	2.78
Telangana	MAHBUBNAGAR	2022	2.56
Telangana	MAHBUBNAGAR	2022	1.15
Telangana	MAHBUBNAGAR	2023	4.22
Telangana	MAHBUBNAGAR	2023	3.36
Telangana	MAHBUBNAGAR	2022	2.05
Telangana	MAHBUBNAGAR	2022	0.97
Telangana	MAHBUBNAGAR	2023	4.56
Telangana	MAHBUBNAGAR	2023	3.12
Telangana	MAHBUBNAGAR	2022	2.2
Telangana	MAHBUBNAGAR	2022	1.08
Telangana	MAHBUBNAGAR	2023	4.98
Telangana	ADILABAD	2021	0.9
Telangana	ADILABAD	2021	0.41
Telangana	ADILABAD	2021	0.81
Telangana	ADILABAD	2022	1.2
Telangana	ADILABAD	2022	3.93
Telangana	ADILABAD	2022	0.35
Telangana	ADILABAD	2022	1.35
Telangana	ADILABAD	2023	3.28
Telangana	ADILABAD	2023	1.34
Telangana	ADILABAD	2023	2.51
Telangana	KARIMNAGAR	2021	5.99
Telangana	KARIMNAGAR	2021	6.3
Telangana	KARIMNAGAR	2021	5.83
Telangana	KARIMNAGAR	2022	5.93
Telangana	KARIMNAGAR	2022	9.3
Telangana	KARIMNAGAR	2022	4.67
Telangana	KARIMNAGAR	2022	6.9
Telangana	KARIMNAGAR	2023	6.86
Telangana	KARIMNAGAR	2023	9.58
Telangana	KARIMNAGAR	2023	5.18
Telangana	KARIMNAGAR	2021	3.33
Telangana	KARIMNAGAR	2021	2.59
Telangana	KARIMNAGAR	2021	2.92
Telangana	KARIMNAGAR	2022	3.71
Telangana	KARIMNAGAR	2022	6.3
Telangana	KARIMNAGAR	2022	2.76
Telangana	KARIMNAGAR	2022	2.78
Telangana	KARIMNAGAR	2023	2.13
Telangana	KARIMNAGAR	2023	4.98
Telangana	KARIMNAGAR	2023	7.53
Telangana	KARIMNAGAR	2023	3.35
Telangana	MAHBUBNAGAR	2021	2.38
Telangana	MAHBUBNAGAR	2021	3.38
Telangana	MAHBUBNAGAR	2021	6.48
Telangana	MAHBUBNAGAR	2022	5.47
Telangana	MAHBUBNAGAR	2022	10
Telangana	MAHBUBNAGAR	2022	8.73
Telangana	MAHBUBNAGAR	2022	2.76
Telangana	MAHBUBNAGAR	2023	5.34
Telangana	MAHBUBNAGAR	2023	7.85
Telangana	JOGULAMBA(GADWAL)	2023	5.34
Telangana	JOGULAMBA(GADWAL)	2023	8.97
Telangana	KARIMNAGAR	2021	0.85
Telangana	KARIMNAGAR	2022	2.28
Telangana	KARIMNAGAR	2022	2.24
Telangana	KARIMNAGAR	2022	2.87
Telangana	KARIMNAGAR	2022	4.2
Telangana	KARIMNAGAR	2023	2.83
Telangana	KARIMNAGAR	2023	3.87
Telangana	MEDAK	2021	3.62
Telangana	MEDAK	2021	0.47
Telangana	MEDAK	2021	9.63
Telangana	MEDAK	2022	4.09
Telangana	MEDAK	2022	5.17
Telangana	MEDAK	2022	1.3
Telangana	MEDAK	2022	1.3
Telangana	MEDAK	2023	4.63
Telangana	MEDAK	2023	2.2
Telangana	SANGA REDDY	2023	3.98
Telangana	NALGONDA	2023	3.46
Telangana	NALGONDA	2021	4.3
Telangana	NALGONDA	2021	3.55
Telangana	NALGONDA	2021	1
Telangana	NALGONDA	2022	3.21
Telangana	NALGONDA	2022	6.53
Telangana	NALGONDA	2022	3.32
Telangana	NALGONDA	2022	0.25
Telangana	NALGONDA	2023	1.56
Telangana	YADADRI	2023	2.21
Telangana	MEDAK	2022	24.43
Telangana	MEDAK	2022	15.87
Telangana	MEDAK	2023	23.7
Telangana	MEDAK	2023	18.25
Telangana	NIZAMABAD	2023	3.62
Telangana	NIZAMABAD	2023	7.47
Telangana	HYDERABAD	2021	3.25
Telangana	HYDERABAD	2021	2.2
Telangana	HYDERABAD	2021	2.47
Telangana	HYDERABAD	2022	2.45
Telangana	HYDERABAD	2022	2.89
Telangana	HYDERABAD	2022	2.8
Telangana	HYDERABAD	2022	2.7
Telangana	HYDERABAD	2023	4.03
Telangana	HYDERABAD	2023	3.4
Telangana	HYDERABAD	2023	2.39
Telangana	ADILABAD	2022	0.53
Telangana	ADILABAD	2022	0.41
Telangana	ADILABAD	2022	0.8
Telangana	ADILABAD	2023	5.11
Telangana	KARIMNAGAR	2023	6.32
Telangana	KARIMNAGAR	2022	2.82
Telangana	KARIMNAGAR	2023	6.43
Telangana	KARIMNAGAR	2023	5
Telangana	NAGARKURNOOL	2023	2.05
Telangana	NAGARKURNOOL	2023	1.85
Telangana	MAHBUBNAGAR	2021	2.35
Telangana	MAHBUBNAGAR	2021	3.89
Telangana	MAHBUBNAGAR	2021	2.98
Telangana	MAHBUBNAGAR	2022	3.54
Telangana	MAHBUBNAGAR	2022	5.02
Telangana	MAHBUBNAGAR	2022	1.71
Telangana	MAHBUBNAGAR	2022	0.94
Telangana	MAHBUBNAGAR	2023	2.05
Telangana	MAHBUBNAGAR	2023	3.13
Telangana	MEDAK	2022	4.76
Telangana	MEDAK	2022	4.44
Telangana	MEDAK	2023	10.58
Telangana	MEDAK	2023	7.6
Telangana	MEDAK	2022	4.48
Telangana	MEDAK	2022	4.49
Telangana	MEDAK	2023	10.37
Telangana	MEDAK	2023	7.6
Telangana	KARIMNAGAR	2023	1.78
Telangana	KARIMNAGAR	2023	3.1
Telangana	KARIMNAGAR	2021	0.7
Telangana	KARIMNAGAR	2021	1.73
Telangana	KARIMNAGAR	2021	2.74
Telangana	KARIMNAGAR	2022	1.3
Telangana	KARIMNAGAR	2022	1.33
Telangana	KARIMNAGAR	2022	1.4
Telangana	KARIMNAGAR	2022	0.46
Telangana	KARIMNAGAR	2023	1.78
Telangana	WARANGAL RURAL	2021	5.52
Telangana	WARANGAL RURAL	2021	4.29
Telangana	WARANGAL RURAL	2021	3.8
Telangana	WARANGAL RURAL	2022	4.79
Telangana	WARANGAL RURAL	2022	7.87
Telangana	WARANGAL RURAL	2022	2.05
Telangana	WARANGAL RURAL	2022	3.5
Telangana	WARANGAL RURAL	2023	5.44
Telangana	WARANGAL RURAL	2023	8.01
Telangana	WARANGAL RURAL	2023	2.39
Telangana	MULUGU	2023	5.44
Telangana	KARIMNAGAR	2023	2.24
Telangana	KARIMNAGAR	2021	1.3
Telangana	KARIMNAGAR	2021	1.53
Telangana	KARIMNAGAR	2021	0.93
Telangana	KARIMNAGAR	2022	1.71
Telangana	KARIMNAGAR	2022	2.46
Telangana	KARIMNAGAR	2022	2.58
Telangana	KARIMNAGAR	2022	2.13
Telangana	KARIMNAGAR	2023	3.21
Telangana	KARIMNAGAR	2023	1.3
Telangana	PEDDAPALLY	2023	2.24
Telangana	NALGONDA	2023	2.52
Telangana	NALGONDA	2022	1.48
Telangana	NALGONDA	2022	1.14
Telangana	NALGONDA	2023	2.87
Telangana	NALGONDA	2023	2.72
Telangana	NALGONDA	2021	1.65
Telangana	NALGONDA	2021	1.28
Telangana	NALGONDA	2021	1.2
Telangana	NALGONDA	2022	1.55
Telangana	NALGONDA	2022	1.97
Telangana	NALGONDA	2022	2.43
Telangana	NALGONDA	2022	1.28
Telangana	NALGONDA	2023	7.49
Telangana	NALGONDA	2023	2.09
Telangana	NALGONDA	2022	2.94
Telangana	NALGONDA	2022	1.86
Telangana	NALGONDA	2022	1.3
Telangana	NALGONDA	2022	1.32
Telangana	NALGONDA	2023	2.6
Telangana	NALGONDA	2023	3.15
Telangana	MEDAK	2021	8.11
Telangana	WARANGAL RURAL	2021	3.11
Telangana	WARANGAL RURAL	2021	3.83
Telangana	MEDAK	2021	23.17
Telangana	MEDAK	2021	10.18
Telangana	MEDAK	2022	11.87
Telangana	MEDAK	2022	17.83
Telangana	MEDAK	2022	3
Telangana	MEDAK	2022	2.52
Telangana	MEDAK	2023	4.12
Telangana	MEDAK	2023	13.15
Telangana	MEDAK	2023	8.18
Telangana	SANGA REDDY	2023	4.12
Telangana	RANGA REDDY	2021	4.93
Telangana	KHAMMAM	2021	3.29
Telangana	KHAMMAM	2021	2.48
Telangana	KHAMMAM	2021	2.92
Telangana	KHAMMAM	2022	4.47
Telangana	KHAMMAM	2022	5.82
Telangana	KHAMMAM	2022	2.47
Telangana	KHAMMAM	2022	1.81
Telangana	KHAMMAM	2023	4.21
Telangana	KHAMMAM	2023	6.35
Telangana	KHAMMAM	2023	2.52
Telangana	BHADRADRI	2023	4.21
Telangana	RANGA REDDY	2023	16.08
Telangana	RANGA REDDY	2021	9.67
Telangana	RANGA REDDY	2021	7.26
Telangana	RANGA REDDY	2021	3.78
Telangana	RANGA REDDY	2022	10.42
Telangana	RANGA REDDY	2022	15.9
Telangana	RANGA REDDY	2022	5.32
Telangana	RANGA REDDY	2022	5.53
Telangana	RANGA REDDY	2023	6.88
Telangana	RANGA REDDY	2023	11.69
Telangana	KARIMNAGAR	2021	5.62
Telangana	KARIMNAGAR	2021	4.51
Telangana	KARIMNAGAR	2021	3.31
Telangana	KARIMNAGAR	2022	5.09
Telangana	KARIMNAGAR	2022	12.78
Telangana	KARIMNAGAR	2022	6.12
Telangana	KARIMNAGAR	2022	3.29
Telangana	KARIMNAGAR	2023	7.06
Telangana	KARIMNAGAR	2023	13.28
Telangana	KARIMNAGAR	2023	6.5
Telangana	KARIMNAGAR	2023	7.06
Telangana	NALGONDA	2021	1.57
Telangana	NALGONDA	2021	1.82
Telangana	NALGONDA	2021	2.4
Telangana	NALGONDA	2022	2.02
Telangana	NALGONDA	2022	1.92
Telangana	NALGONDA	2022	1.92
Telangana	NALGONDA	2022	3.13
Telangana	NALGONDA	2023	1.92
Telangana	NALGONDA	2023	2.33
Telangana	NALGONDA	2023	1.95
Telangana	NALGONDA	2023	9.38
Telangana	NALGONDA	2023	10.9
Telangana	NALGONDA	2023	7.49
Telangana	NALGONDA	2021	4.45
Telangana	NALGONDA	2021	1.41
Telangana	NALGONDA	2021	4.78
Telangana	NALGONDA	2022	3.44
Telangana	NALGONDA	2022	7.64
Telangana	NALGONDA	2022	6.51
Telangana	NALGONDA	2022	3.45
Telangana	MAHBUBNAGAR	2022	0.92
Telangana	MAHBUBNAGAR	2022	3.4
Telangana	MAHBUBNAGAR	2023	12.35
Telangana	MAHBUBNAGAR	2022	1
Telangana	MAHBUBNAGAR	2022	3.68
Telangana	MAHBUBNAGAR	2023	12.61
Telangana	NALGONDA	2021	1.71
Telangana	NALGONDA	2021	1.83
Telangana	MAHBUBNAGAR	2021	4.51
Telangana	MAHBUBNAGAR	2021	5.16
Telangana	MAHBUBNAGAR	2022	7.45
Telangana	MAHBUBNAGAR	2022	14.74
Telangana	MAHBUBNAGAR	2022	8.35
Telangana	MAHBUBNAGAR	2022	2.41
Telangana	MAHBUBNAGAR	2023	12.22
Telangana	WARANGAL RURAL	2021	2.35
Telangana	WARANGAL RURAL	2021	1.75
Telangana	WARANGAL RURAL	2021	2.17
Telangana	WARANGAL RURAL	2022	2.87
Telangana	WARANGAL RURAL	2022	3.78
Telangana	RANGA REDDY	2021	5.55
Telangana	RANGA REDDY	2021	9.25
Telangana	RANGA REDDY	2021	3.87
Telangana	RANGA REDDY	2022	6.35
Telangana	RANGA REDDY	2022	10.08
Telangana	RANGA REDDY	2022	3.55
Telangana	RANGA REDDY	2022	4.05
Telangana	RANGA REDDY	2023	7.06
Telangana	RANGA REDDY	2023	6.78
Telangana	ADILABAD	2023	3.41
Telangana	ADILABAD	2021	3.7
Telangana	ADILABAD	2021	0.53
Telangana	ADILABAD	2021	2.13
Telangana	ADILABAD	2022	2.84
Telangana	ADILABAD	2022	5.4
Telangana	ADILABAD	2022	0.6
Telangana	ADILABAD	2022	2
Telangana	KHAMMAM	2022	4.23
Telangana	KHAMMAM	2022	2.25
Telangana	KHAMMAM	2022	1.24
Telangana	KHAMMAM	2023	2.7
Telangana	KHAMMAM	2023	1.5
Telangana	NIZAMABAD	2021	7.29
Telangana	NIZAMABAD	2021	8.53
Telangana	NIZAMABAD	2021	3.74
Telangana	NIZAMABAD	2022	4.27
Telangana	NIZAMABAD	2022	10.88
Telangana	NIZAMABAD	2022	4.4
Telangana	NIZAMABAD	2022	2.3
Telangana	NIZAMABAD	2023	5.04
Telangana	NIZAMABAD	2023	11.4
Telangana	NIZAMABAD	2023	8.46
Telangana	KAMAREDDY	2023	5.04
Telangana	SIDDIPET	2023	5.92
Telangana	SIDDIPET	2023	9.73
Telangana	MEDAK	2021	3.35
Telangana	MEDAK	2022	4.87
Telangana	MEDAK	2022	9.8
Telangana	MEDAK	2022	3.61
Telangana	MEDAK	2022	3.25
Telangana	MEDAK	2023	9.73
Telangana	MEDAK	2023	6.34
Telangana	NALGONDA	2023	8.3
Telangana	YADADRI	2023	4.27
Telangana	NALGONDA	2021	1.79
Telangana	NALGONDA	2021	5.02
Telangana	NALGONDA	2022	4.52
Telangana	NALGONDA	2022	7.97
Telangana	NALGONDA	2022	1.46
Telangana	NALGONDA	2022	1.87
Telangana	NALGONDA	2023	2.28
Telangana	NALGONDA	2021	6.4
Telangana	NALGONDA	2021	5.53
Telangana	NALGONDA	2021	5.64
Telangana	NALGONDA	2022	7.3
Telangana	NALGONDA	2022	7.61
Telangana	NALGONDA	2022	4.84
Telangana	NALGONDA	2022	4.4
Telangana	NALGONDA	2023	7.26
Telangana	NALGONDA	2023	6.4
Telangana	JOGULAMBA(GADWAL)	2023	6.72
Telangana	JOGULAMBA(GADWAL)	2023	7.19
Telangana	MAHBUBNAGAR	2022	6.8
Telangana	MAHBUBNAGAR	2022	7.37
Telangana	MAHBUBNAGAR	2022	6.62
Telangana	MAHBUBNAGAR	2022	6.2
Telangana	MAHBUBNAGAR	2023	6.48
Telangana	WARANGAL RURAL	2021	8.5
Telangana	WARANGAL RURAL	2021	7.68
Telangana	WARANGAL RURAL	2022	9.28
Telangana	WARANGAL RURAL	2022	8.7
Telangana	WARANGAL RURAL	2022	5.91
Telangana	WARANGAL RURAL	2022	7.93
Telangana	WARANGAL RURAL	2023	9.34
Telangana	WARANGAL RURAL	2023	9.39
Telangana	WARANGAL RURAL	2023	7.77
Telangana	HANAMKONDA	2023	9.34
Telangana	KARIMNAGAR	2021	2.97
Telangana	KARIMNAGAR	2021	0.58
Telangana	KARIMNAGAR	2021	0.81
Telangana	KARIMNAGAR	2022	2.66
Telangana	KARIMNAGAR	2022	7.23
Telangana	KARIMNAGAR	2022	2.39
Telangana	KARIMNAGAR	2022	0.6
Telangana	KARIMNAGAR	2023	3.84
Telangana	KARIMNAGAR	2023	7.14
Telangana	MAHBUBNAGAR	2022	5.84
Telangana	MAHBUBNAGAR	2022	5.5
Telangana	MAHBUBNAGAR	2023	9.49
Telangana	MAHBUBNAGAR	2023	7.06
Telangana	KARIMNAGAR	2023	3.84
Telangana	MEDAK	2021	17.91
Telangana	MEDAK	2021	17.7
Telangana	MEDAK	2021	15.8
Telangana	MEDAK	2022	31.5
Telangana	MEDAK	2022	21.13
Telangana	MEDAK	2022	16.97
Telangana	MEDAK	2022	13.28
Telangana	MEDAK	2023	14.07
Telangana	MEDAK	2023	18.42
Telangana	MEDAK	2023	16.44
Telangana	SANGA REDDY	2023	14.07
Telangana	NIZAMABAD	2022	7.39
Telangana	NIZAMABAD	2023	16.02
Telangana	NIZAMABAD	2023	9.91
Telangana	NALGONDA	2021	7.08
Telangana	NALGONDA	2021	7.48
Telangana	NALGONDA	2021	8.73
Telangana	NALGONDA	2022	5.46
Telangana	NALGONDA	2022	8.55
Telangana	NALGONDA	2022	6.28
Telangana	NALGONDA	2022	4.78
Telangana	NALGONDA	2023	3.62
Telangana	NALGONDA	2023	8.69
Telangana	NALGONDA	2023	8.52
Telangana	NALGONDA	2021	8.32
Telangana	NALGONDA	2021	7.25
Telangana	NALGONDA	2021	9.38
Telangana	NALGONDA	2022	5.34
Telangana	NALGONDA	2022	8.32
Telangana	NALGONDA	2022	5.81
Telangana	NALGONDA	2022	4.17
Telangana	NALGONDA	2023	8.99
Telangana	NALGONDA	2023	8.2
Telangana	KHAMMAM	2021	4.81
Telangana	KHAMMAM	2021	2.12
Telangana	KHAMMAM	2021	3.23
Telangana	KHAMMAM	2022	5.91
Telangana	KHAMMAM	2022	8.44
Telangana	KHAMMAM	2022	1.61
Telangana	KHAMMAM	2023	8.83
Telangana	KHAMMAM	2023	2.42
Telangana	KHAMMAM	2023	0.93
Telangana	KHAMMAM	2021	2.26
Telangana	KHAMMAM	2021	1.7
Telangana	KHAMMAM	2021	1.56
Telangana	KHAMMAM	2022	3.03
Telangana	KHAMMAM	2022	5.69
Telangana	KHAMMAM	2022	0.56
Telangana	KHAMMAM	2023	4.71
Telangana	RANGA REDDY	2021	4.84
Telangana	RANGA REDDY	2021	5.09
Telangana	RANGA REDDY	2021	3.98
Telangana	RANGA REDDY	2022	5.74
Telangana	RANGA REDDY	2022	9.1
Telangana	RANGA REDDY	2022	3.72
Telangana	RANGA REDDY	2022	4.43
Telangana	RANGA REDDY	2023	7.25
Telangana	RANGA REDDY	2023	4.88
Telangana	MAHBUBNAGAR	2021	32.3
Telangana	MAHBUBNAGAR	2021	4.56
Telangana	MAHBUBNAGAR	2022	5.88
Telangana	MAHBUBNAGAR	2022	9.55
Telangana	MAHBUBNAGAR	2022	0.42
Telangana	MAHBUBNAGAR	2022	2.14
Telangana	MAHBUBNAGAR	2023	3.23
Telangana	WARANGAL RURAL	2021	3.45
Telangana	WARANGAL RURAL	2021	2.44
Telangana	WARANGAL RURAL	2021	2.48
Telangana	WARANGAL RURAL	2022	3.96
Telangana	WARANGAL RURAL	2022	5.7
Telangana	WARANGAL RURAL	2022	3.63
Telangana	WARANGAL RURAL	2022	2.88
Telangana	WARANGAL RURAL	2023	4.61
Telangana	WARANGAL RURAL	2023	7.2
Telangana	WARANGAL RURAL	2023	1.54
Telangana	JAYASHANKAR BHUPALAPALLY	2023	4.61
Telangana	KARIMNAGAR	2023	3.35
Telangana	KARIMNAGAR	2021	8.32
Telangana	KARIMNAGAR	2021	8
Telangana	KARIMNAGAR	2021	5.91
Telangana	KARIMNAGAR	2022	8.48
Telangana	KARIMNAGAR	2022	8.36
Telangana	KARIMNAGAR	2022	2.17
Telangana	KARIMNAGAR	2022	4.5
Telangana	KARIMNAGAR	2023	7.9
Telangana	KARIMNAGAR	2023	8.71
Telangana	NALGONDA	2023	4.1
Telangana	NALGONDA	2021	1.56
Telangana	NALGONDA	2021	1.48
Telangana	NALGONDA	2021	0.44
Telangana	NALGONDA	2022	0.86
Telangana	NALGONDA	2022	2.91
Telangana	NALGONDA	2022	2.73
Telangana	NALGONDA	2022	2.24
Telangana	NALGONDA	2023	3.73
Telangana	WARANGAL RURAL	2022	3.62
Telangana	WARANGAL RURAL	2022	4.78
Telangana	WARANGAL RURAL	2022	2.14
Telangana	WARANGAL RURAL	2022	1.5
Telangana	WARANGAL RURAL	2023	5.13
Telangana	WARANGAL RURAL	2023	1.76
Telangana	MAHBUBNAGAR	2023	6.49
Telangana	RANGA REDDY	2022	6.62
Telangana	RANGA REDDY	2022	11.37
Telangana	RANGA REDDY	2022	7.15
Telangana	RANGA REDDY	2022	5.45
Telangana	RANGA REDDY	2023	8.99
Telangana	RANGA REDDY	2023	12.49
Telangana	MEDAK	2021	4.6
Telangana	MEDAK	2022	3.67
Telangana	MEDAK	2022	5.5
Telangana	MEDAK	2022	3.37
Telangana	MEDAK	2022	2.95
Telangana	MEDAK	2023	6.41
Telangana	MEDAK	2023	3.55
Telangana	WARANGAL RURAL	2023	5.64
Telangana	WARANGAL RURAL	2022	3.95
Telangana	WARANGAL RURAL	2022	3.39
Telangana	WARANGAL RURAL	2023	9.47
Telangana	WARANGAL RURAL	2023	3.43
Telangana	ADILABAD	2023	1.71
Telangana	ADILABAD	2022	1.13
Telangana	ADILABAD	2022	1.2
Telangana	ADILABAD	2023	1.73
Telangana	ADILABAD	2022	1.09
Telangana	ADILABAD	2022	1.3
Telangana	ADILABAD	2023	4.51
Telangana	ADILABAD	2021	4.05
Telangana	ADILABAD	2021	2.39
Telangana	ADILABAD	2021	2.44
Telangana	ADILABAD	2022	4.19
Telangana	ADILABAD	2022	4.74
Telangana	ADILABAD	2022	3.08
Telangana	ADILABAD	2022	3.25
Telangana	ADILABAD	2023	4.88
Telangana	ADILABAD	2023	4.45
Telangana	ADILABAD	2023	6.21
Telangana	ADILABAD	2023	3.57
Telangana	ADILABAD	2023	5.19
Telangana	ADILABAD	2023	8.32
Telangana	ADILABAD	2023	5.38
Telangana	ADILABAD	2021	6.12
Telangana	ADILABAD	2021	1.93
Telangana	ADILABAD	2021	3.49
Telangana	ADILABAD	2022	5.01
Telangana	ADILABAD	2022	11.25
Telangana	ADILABAD	2022	-0.2
Telangana	ADILABAD	2022	3.35
Telangana	ADILABAD	2023	7.61
Telangana	ADILABAD	2023	0.74
Telangana	ADILABAD	2021	6.62
Telangana	ADILABAD	2021	4.42
Telangana	ADILABAD	2021	6.5
Telangana	ADILABAD	2022	7.23
Telangana	ADILABAD	2022	11.85
Telangana	ADILABAD	2022	3.47
Telangana	ADILABAD	2022	5.22
Telangana	ADILABAD	2023	6.96
Telangana	ADILABAD	2023	4.74
Telangana	NALGONDA	2022	7.73
Telangana	NALGONDA	2022	2.82
Telangana	NALGONDA	2023	7.97
Telangana	NALGONDA	2023	9.89
Telangana	MEDAK	2021	19.48
Telangana	MEDAK	2022	31.35
Telangana	MEDAK	2022	14.8
Telangana	MEDAK	2022	8.04
Telangana	MEDAK	2022	18.44
Telangana	MEDAK	2023	27.23
Telangana	MEDAK	2023	36.23
Telangana	HYDERABAD	2021	3.21
Telangana	HYDERABAD	2021	4.33
Telangana	HYDERABAD	2021	3.98
Telangana	HYDERABAD	2022	4.68
Telangana	HYDERABAD	2022	4.02
Telangana	HYDERABAD	2022	3.57
Telangana	HYDERABAD	2022	4
Telangana	HYDERABAD	2023	5.2
Telangana	HYDERABAD	2023	3.96
Telangana	HYDERABAD	2023	4.57
Telangana	ADILABAD	2023	47.45
Telangana	ADILABAD	2023	13.12
Telangana	ADILABAD	2022	47.09
Telangana	ADILABAD	2022	12.01
Telangana	ADILABAD	2022	14.49
Telangana	ADILABAD	2023	12.42
Telangana	ADILABAD	2022	68.04
Telangana	ADILABAD	2022	48.61
Telangana	ADILABAD	2022	62.2
Telangana	ADILABAD	2023	67.77
Telangana	ADILABAD	2023	47.98
Telangana	YADADRI	2023	7.39
Telangana	NALGONDA	2021	5.92
Telangana	NALGONDA	2021	5.99
Telangana	NALGONDA	2021	3.27
Telangana	NALGONDA	2022	4.2
Telangana	NALGONDA	2022	7.45
Telangana	NALGONDA	2022	7.43
Telangana	NALGONDA	2022	5.28
Telangana	NALGONDA	2023	11.13
Telangana	NALGONDA	2023	1.94
Telangana	NALGONDA	2021	5.23
Telangana	NALGONDA	2021	5.35
Telangana	NALGONDA	2021	2.52
Telangana	NALGONDA	2022	3.48
Telangana	NALGONDA	2022	7.06
Telangana	NALGONDA	2022	7.4
Telangana	NALGONDA	2022	5.38
Telangana	NALGONDA	2023	9.21
Telangana	NALGONDA	2023	1.53
Telangana	ADILABAD	2022	6.28
Telangana	ADILABAD	2022	8.46
Telangana	ADILABAD	2023	16.75
Telangana	ADILABAD	2023	8.32
Telangana	ADILABAD	2022	5.97
Telangana	ADILABAD	2022	8.16
Telangana	ADILABAD	2023	16.16
Telangana	ADILABAD	2023	8.18
Telangana	MAHBUBNAGAR	2021	5.53
Telangana	MAHBUBNAGAR	2021	5.43
Telangana	MAHBUBNAGAR	2021	4.98
Telangana	MAHBUBNAGAR	2022	5.33
Telangana	MAHBUBNAGAR	2022	5.86
Telangana	MAHBUBNAGAR	2022	4.69
Telangana	MAHBUBNAGAR	2022	4.25
Telangana	MAHBUBNAGAR	2023	6
Telangana	MAHBUBNAGAR	2023	6.92
Telangana	MAHBUBNAGAR	2023	6.24
Telangana	NALGONDA	2021	2.35
Telangana	NALGONDA	2021	2
Telangana	NALGONDA	2021	2.4
Telangana	NALGONDA	2022	2.35
Telangana	NALGONDA	2022	3.25
Telangana	NALGONDA	2022	2.23
Telangana	NALGONDA	2022	1.81
Telangana	NALGONDA	2023	3.62
Telangana	NALGONDA	2023	3.75
Telangana	NALGONDA	2023	4.45
Telangana	NALGONDA	2021	3.47
Telangana	NALGONDA	2021	2.78
Telangana	NALGONDA	2021	2.57
Telangana	NALGONDA	2022	3.23
Telangana	NALGONDA	2022	3.25
Telangana	NALGONDA	2022	2.55
Telangana	NALGONDA	2023	3.68
Telangana	NALGONDA	2023	4.56
Telangana	NALGONDA	2023	3.15
Telangana	JANGAON	2023	1.95
Telangana	WARANGAL URBAN	2021	2.23
Telangana	WARANGAL URBAN	2021	2.45
Telangana	WARANGAL URBAN	2021	0.81
Telangana	WARANGAL URBAN	2022	2.75
Telangana	WARANGAL URBAN	2022	4.11
Telangana	WARANGAL URBAN	2022	-0.17
Telangana	WARANGAL URBAN	2022	0.26
Telangana	WARANGAL URBAN	2021	3.25
Telangana	WARANGAL URBAN	2021	4.36
Telangana	WARANGAL URBAN	2021	3.22
Telangana	WARANGAL URBAN	2022	3.76
Telangana	WARANGAL URBAN	2022	3.31
Telangana	WARANGAL URBAN	2022	0.65
Telangana	WARANGAL URBAN	2022	1.52
Telangana	WARANGAL URBAN	2023	5.02
Telangana	WARANGAL RURAL	2023	5.02
Telangana	WARANGAL RURAL	2023	3.43
Telangana	WARANGAL RURAL	2023	1.93
Telangana	MEDAK	2021	28.21
Telangana	MEDAK	2021	2.6
Telangana	MEDAK	2021	1
Telangana	MEDAK	2021	3.55
Telangana	MEDAK	2022	27.34
Telangana	MEDAK	2022	40.4
Telangana	MEDAK	2022	2.36
Telangana	MEDAK	2022	2.65
Telangana	MEDAK	2023	28.92
Telangana	MEDAK	2023	2.83
Telangana	SANGA REDDY	2023	26.45
Telangana	MEDAK	2023	26.45
Telangana	KHAMMAM	2021	1.68
Telangana	KHAMMAM	2021	2.03
Telangana	KHAMMAM	2022	2.54
Telangana	KHAMMAM	2022	3.55
Telangana	KHAMMAM	2022	1.31
Telangana	KHAMMAM	2022	2.8
Telangana	KHAMMAM	2023	4.42
Telangana	KHAMMAM	2023	3.87
Telangana	KHAMMAM	2023	2.35
Telangana	ADILABAD	2022	3.48
Telangana	ADILABAD	2022	5.36
Telangana	MAHBUBNAGAR	2021	5.2
Telangana	MAHBUBNAGAR	2021	3.25
Telangana	MAHBUBNAGAR	2021	2.75
Telangana	MAHBUBNAGAR	2022	3.68
Telangana	MAHBUBNAGAR	2022	7.4
Telangana	MAHBUBNAGAR	2022	4.21
Telangana	MAHBUBNAGAR	2022	2.96
Telangana	MAHBUBNAGAR	2023	5.09
Telangana	MAHBUBNAGAR	2023	7.36
Telangana	NARAYANPET	2023	5.09
Telangana	NARAYANPET	2023	8.51
Telangana	KARIMNAGAR	2021	10.21
Telangana	KARIMNAGAR	2021	4.63
Telangana	KARIMNAGAR	2021	3.84
Telangana	KARIMNAGAR	2022	6.66
Telangana	KARIMNAGAR	2022	7.41
Telangana	KARIMNAGAR	2022	2.62
Telangana	KARIMNAGAR	2023	6.91
Telangana	NIZAMABAD	2022	4.95
Telangana	NIZAMABAD	2023	7.11
Telangana	NIZAMABAD	2023	7.53
Telangana	HANAMKONDA	2023	49.12
Telangana	WARANGAL RURAL	2021	24.9
Telangana	WARANGAL RURAL	2021	35.87
Telangana	WARANGAL RURAL	2021	10.83
Telangana	WARANGAL RURAL	2022	63.22
Telangana	WARANGAL RURAL	2022	32.29
Telangana	WARANGAL RURAL	2022	5.6
Telangana	WARANGAL RURAL	2023	49.12
Telangana	WARANGAL RURAL	2023	51.5
Telangana	WARANGAL RURAL	2023	38.58
Telangana	NIZAMABAD	2021	12.64
Telangana	NIZAMABAD	2021	7.73
Telangana	NIZAMABAD	2021	6.12
Telangana	NIZAMABAD	2022	10.8
Telangana	NIZAMABAD	2022	12.97
Telangana	NIZAMABAD	2022	9.28
Telangana	NIZAMABAD	2022	9.9
Telangana	NIZAMABAD	2023	11.87
Telangana	NIZAMABAD	2023	11.48
Telangana	NIZAMABAD	2023	7.32
Telangana	NIZAMABAD	2023	11.87
Telangana	NIZAMABAD	2021	14.74
Telangana	NIZAMABAD	2021	11.98
Telangana	NIZAMABAD	2021	7.58
Telangana	NIZAMABAD	2022	11.85
Telangana	NIZAMABAD	2022	15.89
Telangana	NIZAMABAD	2022	6.39
Telangana	NIZAMABAD	2022	7.95
Telangana	NIZAMABAD	2023	13.14
Telangana	NIZAMABAD	2023	15.57
Telangana	NIZAMABAD	2023	9.6
Telangana	NIZAMABAD	2023	13.14
Telangana	RANGA REDDY	2021	9.08
Telangana	RANGA REDDY	2021	7.7
Telangana	RANGA REDDY	2021	3.93
Telangana	RANGA REDDY	2022	8.89
Telangana	RANGA REDDY	2022	9.85
Telangana	RANGA REDDY	2022	2.19
Telangana	RANGA REDDY	2022	4.55
Telangana	RANGA REDDY	2023	9.13
Telangana	VIKARABAD	2023	9.31
Telangana	RANGA REDDY	2021	3.3
Telangana	RANGA REDDY	2021	7.92
Telangana	RANGA REDDY	2021	3.58
Telangana	RANGA REDDY	2022	2.7
Telangana	RANGA REDDY	2022	2.94
Telangana	RANGA REDDY	2022	2.15
Telangana	RANGA REDDY	2022	2.57
Telangana	RANGA REDDY	2023	4.09
Telangana	NIZAMABAD	2023	17.41
Telangana	NIZAMABAD	2021	14.53
Telangana	NIZAMABAD	2021	10.61
Telangana	NIZAMABAD	2021	11.63
Telangana	NIZAMABAD	2022	10.52
Telangana	NIZAMABAD	2022	17.63
Telangana	NIZAMABAD	2022	9.72
Telangana	NIZAMABAD	2022	10
Telangana	NIZAMABAD	2023	12.65
Telangana	NIZAMABAD	2023	8.93
Telangana	MEDAK	2021	2.1
Telangana	MEDAK	2021	-0.4
Telangana	MEDAK	2021	2.66
Telangana	MEDAK	2022	1.67
Telangana	MEDAK	2022	9.08
Telangana	MEDAK	2022	2.65
Telangana	MEDAK	2022	-0.1
Telangana	MEDAK	2023	1.38
Telangana	MEDAK	2023	7.75
Telangana	MEDAK	2023	2.77
Telangana	MEDAK	2021	15.58
Telangana	MEDAK	2021	16.6
Telangana	MEDAK	2021	13.3
Telangana	MEDAK	2022	15.61
Telangana	MEDAK	2022	20.15
Telangana	MEDAK	2022	14.94
Telangana	MEDAK	2022	11.47
Telangana	MEDAK	2023	14.02
Telangana	MEDAK	2023	18.37
Telangana	MEDAK	2023	12.68
Telangana	SANGA REDDY	2023	14.02
Telangana	RANGA REDDY	2022	4.9
Telangana	RANGA REDDY	2022	1.84
Telangana	RANGA REDDY	2023	7.06
Telangana	RANGA REDDY	2023	9.73
Telangana	NIZAMABAD	2021	9.9
Telangana	NIZAMABAD	2021	7.48
Telangana	NIZAMABAD	2021	1
Telangana	NIZAMABAD	2022	2.59
Telangana	NIZAMABAD	2022	7.87
Telangana	NIZAMABAD	2022	1.35
Telangana	NIZAMABAD	2022	0.59
Telangana	NIZAMABAD	2023	3.28
Telangana	NIZAMABAD	2023	4.41
Telangana	SIDDIPET	2023	5.61
Telangana	SIDDIPET	2023	5.97
Telangana	ADILABAD	2022	6.82
Telangana	ADILABAD	2022	9.38
Telangana	ADILABAD	2022	2.91
Telangana	ADILABAD	2022	5.6
Telangana	ADILABAD	2023	5.98
Telangana	RANGA REDDY	2021	0.55
Telangana	RANGA REDDY	2021	1.72
Telangana	RANGA REDDY	2021	2.25
Telangana	RANGA REDDY	2022	0.56
Telangana	RANGA REDDY	2022	0.3
Telangana	RANGA REDDY	2022	0.2
Telangana	RANGA REDDY	2022	0.79
Telangana	RANGA REDDY	2023	1.77
Telangana	NALGONDA	2021	2.65
Telangana	NALGONDA	2021	1.61
Telangana	NALGONDA	2021	3.4
Telangana	NALGONDA	2022	0.94
Telangana	NALGONDA	2022	4.25
Telangana	NALGONDA	2022	1.05
Telangana	NALGONDA	2022	0.41
Telangana	NALGONDA	2023	3.72
Telangana	NALGONDA	2023	4.55
Telangana	NALGONDA	2023	4.13
Telangana	RANGA REDDY	2023	1.87
Telangana	RANGA REDDY	2022	0.8
Telangana	RANGA REDDY	2022	0.53
Telangana	RANGA REDDY	2023	3.83
Telangana	RANGA REDDY	2023	2.38
Telangana	ADILABAD	2022	37.45
Telangana	ADILABAD	2022	37.9
Telangana	ADILABAD	2023	75.5
Telangana	ADILABAD	2023	41.03
Telangana	NIZAMABAD	2023	7.57
Telangana	NIZAMABAD	2023	13.74
Telangana	NIZAMABAD	2023	8.71
Telangana	MEDAK	2023	8.32
Telangana	MEDAK	2022	6.44
Telangana	MEDAK	2022	7.29
Telangana	MEDAK	2022	5.95
Telangana	MEDAK	2023	12.77
Telangana	NIZAMABAD	2021	2.21
Telangana	NIZAMABAD	2021	0.78
Telangana	NIZAMABAD	2021	1.51
Telangana	NIZAMABAD	2022	2.14
Telangana	NIZAMABAD	2022	2.93
Telangana	NIZAMABAD	2022	1.25
Telangana	NIZAMABAD	2022	1.4
Telangana	NIZAMABAD	2023	2.94
Telangana	NIZAMABAD	2023	2.29
Telangana	WARANGAL RURAL	2021	3.17
Telangana	WARANGAL RURAL	2021	2.12
Telangana	WARANGAL RURAL	2021	2.32
Telangana	WARANGAL RURAL	2022	2.07
Telangana	WARANGAL RURAL	2022	5.3
Telangana	WARANGAL RURAL	2022	0.67
Telangana	KHAMMAM	2021	0.63
Telangana	KHAMMAM	2021	0.47
Telangana	KHAMMAM	2021	0.57
Telangana	KHAMMAM	2022	1.06
Telangana	KHAMMAM	2022	1.37
Telangana	KHAMMAM	2022	0.43
Telangana	KHAMMAM	2022	0.46
Telangana	KHAMMAM	2023	1.8
Telangana	KHAMMAM	2023	1.55
Telangana	MAHBUBNAGAR	2021	12.6
Telangana	MAHBUBNAGAR	2021	3.33
Telangana	MAHBUBNAGAR	2022	13.73
Telangana	MAHBUBNAGAR	2022	13.43
Telangana	MAHBUBNAGAR	2022	12.95
Telangana	MAHBUBNAGAR	2022	12.94
Telangana	MAHBUBNAGAR	2023	9.72
Telangana	KHAMMAM	2022	8.55
Telangana	KHAMMAM	2022	7.68
Telangana	KHAMMAM	2023	8.78
Telangana	KHAMMAM	2023	8.8
Telangana	ADILABAD	2021	6.35
Telangana	ADILABAD	2021	2.21
Telangana	ADILABAD	2022	5.5
Telangana	ADILABAD	2022	8.46
Telangana	ADILABAD	2022	1.04
Telangana	ADILABAD	2023	7.05
Telangana	ADILABAD	2023	1.12
Telangana	MAHABUBABAD	2023	4.39
Telangana	WARANGAL URBAN	2021	3.52
Telangana	WARANGAL URBAN	2021	3.25
Telangana	WARANGAL URBAN	2021	2.2
Telangana	WARANGAL URBAN	2022	3.73
Telangana	WARANGAL URBAN	2022	6.38
Telangana	WARANGAL URBAN	2022	1.15
Telangana	WARANGAL URBAN	2023	4.39
Telangana	WARANGAL URBAN	2023	4.11
Telangana	WARANGAL URBAN	2023	4.08
Telangana	KHAMMAM	2021	4.85
Telangana	KHAMMAM	2021	4.2
Telangana	KHAMMAM	2021	3.7
Telangana	KHAMMAM	2022	4.68
Telangana	KHAMMAM	2022	8.93
Telangana	KHAMMAM	2022	0.85
Telangana	KHAMMAM	2023	7.72
Telangana	KHAMMAM	2023	1.18
Telangana	KHAMMAM	2021	1.55
Telangana	KHAMMAM	2021	0.33
Telangana	KHAMMAM	2021	0.94
Telangana	KHAMMAM	2022	1.13
Telangana	KHAMMAM	2022	1.86
Telangana	KHAMMAM	2022	0.16
Telangana	KHAMMAM	2022	2.72
Telangana	KHAMMAM	2023	1.86
Telangana	KHAMMAM	2023	0.68
Telangana	MAHBUBNAGAR	2021	9.78
Telangana	MAHBUBNAGAR	2021	9.58
Telangana	MAHBUBNAGAR	2022	9.19
Telangana	MAHBUBNAGAR	2022	11.01
Telangana	MAHBUBNAGAR	2022	9.3
Telangana	MAHBUBNAGAR	2022	7.06
Telangana	MAHBUBNAGAR	2023	9.08
Telangana	ADILABAD	2021	10.34
Telangana	ADILABAD	2021	5.59
Telangana	ADILABAD	2022	4.73
Telangana	ADILABAD	2022	8.44
Telangana	ADILABAD	2022	3.69
Telangana	ADILABAD	2022	3.25
Telangana	ADILABAD	2023	8.31
Telangana	ADILABAD	2023	8.5
Telangana	ADILABAD	2023	8.93
Telangana	WARANGAL RURAL	2021	5.75
Telangana	WARANGAL RURAL	2021	6
Telangana	WARANGAL RURAL	2021	5.11
Telangana	WARANGAL RURAL	2022	5.49
Telangana	WARANGAL RURAL	2022	5.54
Telangana	WARANGAL RURAL	2022	4.46
Telangana	WARANGAL RURAL	2022	4.95
Telangana	KHAMMAM	2023	3.21
Telangana	KHAMMAM	2022	2.04
Telangana	KHAMMAM	2022	2.65
Telangana	KHAMMAM	2023	4.32
Telangana	KHAMMAM	2023	2.85
Telangana	KHAMMAM	2022	3.27
Telangana	KHAMMAM	2022	4.32
Telangana	KHAMMAM	2023	2.8
Telangana	NALGONDA	2021	2.6
Telangana	NALGONDA	2021	2.27
Telangana	NALGONDA	2021	3.05
Telangana	NALGONDA	2022	3.27
Telangana	NALGONDA	2022	4.29
Telangana	NALGONDA	2022	1.97
Telangana	NALGONDA	2022	2.62
Telangana	NALGONDA	2023	3.01
Telangana	NALGONDA	2023	4.12
Telangana	NALGONDA	2023	3.7
Telangana	KHAMMAM	2023	10.62
Telangana	KHAMMAM	2023	7.97
Telangana	KHAMMAM	2021	6.75
Telangana	KHAMMAM	2021	9.02
Telangana	KHAMMAM	2021	4.8
Telangana	KHAMMAM	2022	11.84
Telangana	KHAMMAM	2022	6.06
Telangana	KHAMMAM	2022	4.58
Telangana	KHAMMAM	2023	7.53
Telangana	WARANGAL RURAL	2021	3.82
Telangana	WARANGAL RURAL	2021	3.11
Telangana	WARANGAL RURAL	2021	3.52
Telangana	WARANGAL RURAL	2022	5.42
Telangana	WARANGAL RURAL	2022	8.07
Telangana	WARANGAL RURAL	2022	-0.41
Telangana	WARANGAL RURAL	2022	2.29
Telangana	HYDERABAD	2021	19.34
Telangana	HYDERABAD	2021	22.72
Telangana	HYDERABAD	2022	24.6
Telangana	HYDERABAD	2022	44.84
Telangana	HYDERABAD	2022	27.35
Telangana	HYDERABAD	2022	30.5
Telangana	HYDERABAD	2023	57.5
Telangana	HYDERABAD	2023	32.08
Telangana	HYDERABAD	2023	2.93
Telangana	HYDERABAD	2023	2.2
Telangana	HYDERABAD	2023	14.02
Telangana	HYDERABAD	2021	11.28
Telangana	HYDERABAD	2021	14.46
Telangana	HYDERABAD	2021	9.96
Telangana	HYDERABAD	2022	12.8
Telangana	HYDERABAD	2022	13.7
Telangana	HYDERABAD	2022	10.9
Telangana	HYDERABAD	2022	11.66
Telangana	HYDERABAD	2023	17.56
Telangana	HYDERABAD	2023	11.63
Telangana	RANGA REDDY	2022	2.49
Telangana	RANGA REDDY	2022	7.48
Telangana	RANGA REDDY	2022	0.53
Telangana	RANGA REDDY	2022	1.17
Telangana	RANGA REDDY	2023	9.02
Telangana	RANGA REDDY	2023	1.87
Telangana	KARIMNAGAR	2023	1.43
Telangana	NIZAMABAD	2022	16.28
Telangana	NIZAMABAD	2022	34.83
Telangana	NIZAMABAD	2022	12.14
Telangana	NIZAMABAD	2022	11.76
Telangana	NIZAMABAD	2023	34.67
Telangana	NIZAMABAD	2023	23.01
Telangana	MAHBUBNAGAR	2021	1.64
Telangana	MAHBUBNAGAR	2021	2.69
Telangana	MAHBUBNAGAR	2021	2.56
Telangana	MAHBUBNAGAR	2022	3.49
Telangana	MAHBUBNAGAR	2022	4.16
Telangana	MAHBUBNAGAR	2022	2.81
Telangana	MAHBUBNAGAR	2022	1.61
Telangana	MAHBUBNAGAR	2023	3.11
Telangana	MAHBUBNAGAR	2023	1.77
Telangana	MAHBUBNAGAR	2023	4.24
Telangana	NALGONDA	2023	2.82
Telangana	NALGONDA	2022	3.77
Telangana	NALGONDA	2022	2.83
Telangana	NALGONDA	2022	1.21
Telangana	NALGONDA	2023	4.28
Telangana	SIDDIPET	2023	2.31
Telangana	MEDAK	2022	0.79
Telangana	MEDAK	2022	3.79
Telangana	MEDAK	2022	0.8
Telangana	MEDAK	2022	0.42
Telangana	MEDAK	2023	5.74
Telangana	MEDAK	2023	2.7
Telangana	RAJANNA SIRCILLA	2023	2.75
Telangana	KARIMNAGAR	2021	1.36
Telangana	KARIMNAGAR	2022	2
Telangana	KARIMNAGAR	2022	2.92
Telangana	KARIMNAGAR	2022	1.37
Telangana	KARIMNAGAR	2022	1.19
Telangana	KARIMNAGAR	2023	3.39
Telangana	RANGA REDDY	2021	6.5
Telangana	RANGA REDDY	2021	9.38
Telangana	RANGA REDDY	2021	9.54
Telangana	RANGA REDDY	2022	6.59
Telangana	RANGA REDDY	2022	12.3
Telangana	RANGA REDDY	2022	2.88
Telangana	MAHBUBNAGAR	2023	7.1
Telangana	MAHBUBNAGAR	2023	11.57
Telangana	MAHBUBNAGAR	2023	8.77
Telangana	KHAMMAM	2023	7.24
Telangana	KHAMMAM	2021	4.1
Telangana	KHAMMAM	2021	2.25
Telangana	KHAMMAM	2021	2.08
Telangana	KHAMMAM	2022	2.93
Telangana	KHAMMAM	2022	6.31
Telangana	KHAMMAM	2022	1.53
Telangana	KHAMMAM	2022	1.9
Telangana	KHAMMAM	2023	3.17
Telangana	NIZAMABAD	2023	4.16
Telangana	NIZAMABAD	2023	5.28
Telangana	NIZAMABAD	2021	3.85
Telangana	NIZAMABAD	2021	3.14
Telangana	NIZAMABAD	2021	3.1
Telangana	NIZAMABAD	2022	3.5
Telangana	NIZAMABAD	2022	7.57
Telangana	NIZAMABAD	2022	2.56
Telangana	NIZAMABAD	2022	2.45
Telangana	NIZAMABAD	2023	3.65
Telangana	SIDDIPET	2023	12.6
Telangana	KARIMNAGAR	2021	10.12
Telangana	KARIMNAGAR	2021	3.65
Telangana	KARIMNAGAR	2021	9.94
Telangana	KARIMNAGAR	2022	10.77
Telangana	KARIMNAGAR	2022	17.66
Telangana	KARIMNAGAR	2022	2.89
Telangana	KARIMNAGAR	2022	3
Telangana	KARIMNAGAR	2023	12.6
Telangana	KARIMNAGAR	2023	17.48
Telangana	KARIMNAGAR	2023	8.73
Telangana	KHAMMAM	2021	18.05
Telangana	KHAMMAM	2022	18.66
Telangana	KHAMMAM	2021	17.38
Telangana	KHAMMAM	2021	16.32
Telangana	KHAMMAM	2021	15.24
Telangana	KHAMMAM	2022	17.79
Telangana	KHAMMAM	2022	21.62
Telangana	KHAMMAM	2022	18.42
Telangana	KHAMMAM	2022	18.1
Telangana	KHAMMAM	2023	21.99
Telangana	KHAMMAM	2023	23.36
Telangana	KHAMMAM	2023	20.4
Telangana	BHADRADRI	2023	21.99
Telangana	KHAMMAM	2021	16.56
Telangana	KHAMMAM	2021	15.63
Telangana	KHAMMAM	2022	22.35
Telangana	KHAMMAM	2022	19.1
Telangana	KHAMMAM	2023	22.93
Telangana	KHAMMAM	2023	24.55
Telangana	KHAMMAM	2023	21.25
Telangana	BHADRADRI	2023	22.93
Telangana	SIDDIPET	2023	9.16
Telangana	SIDDIPET	2023	17.5
Telangana	WARANGAL RURAL	2022	3.47
Telangana	WARANGAL RURAL	2022	2.45
Telangana	WARANGAL RURAL	2023	7.68
Telangana	WARANGAL RURAL	2023	2.91
Telangana	ADILABAD	2023	5.03
Telangana	ADILABAD	2022	5.69
Telangana	ADILABAD	2022	2.6
Telangana	ADILABAD	2022	3.48
Telangana	ADILABAD	2023	3.54
Telangana	KHAMMAM	2022	9.81
Telangana	KHAMMAM	2022	7.84
Telangana	KHAMMAM	2023	13.74
Telangana	KHAMMAM	2023	9.14
Telangana	NIZAMABAD	2023	15.66
Telangana	NIZAMABAD	2023	23.75
Telangana	NIZAMABAD	2022	16.9
Telangana	NIZAMABAD	2022	23.27
Telangana	NIZAMABAD	2022	19
Telangana	NIZAMABAD	2022	14.4
Telangana	NIZAMABAD	2023	23.72
Telangana	NIZAMABAD	2023	12.12
Telangana	NIZAMABAD	2023	6.54
Telangana	NIZAMABAD	2021	10.4
Telangana	NIZAMABAD	2021	7.82
Telangana	NIZAMABAD	2021	8.02
Telangana	NIZAMABAD	2022	11.92
Telangana	NIZAMABAD	2022	3.82
Telangana	NIZAMABAD	2022	10.15
Telangana	NIZAMABAD	2023	13.04
Telangana	MAHBUBNAGAR	2021	17.81
Telangana	MAHBUBNAGAR	2021	18.69
Telangana	MAHBUBNAGAR	2021	5.27
Telangana	MAHBUBNAGAR	2022	18.27
Telangana	MAHBUBNAGAR	2022	23.83
Telangana	MAHBUBNAGAR	2022	13.75
Telangana	MAHBUBNAGAR	2022	12.92
Telangana	MAHBUBNAGAR	2023	24.05
Telangana	RANGA REDDY	2023	15.1
Telangana	RANGA REDDY	2023	24.05
Telangana	RANGA REDDY	2023	17.79
Telangana	KARIMNAGAR	2021	5
Telangana	KARIMNAGAR	2021	3.94
Telangana	KARIMNAGAR	2021	3.71
Telangana	KARIMNAGAR	2022	3.82
Telangana	KARIMNAGAR	2022	5.33
Telangana	KARIMNAGAR	2022	0.98
Telangana	KARIMNAGAR	2022	2.98
Telangana	KARIMNAGAR	2023	10.61
Telangana	KARIMNAGAR	2023	6.65
Telangana	KARIMNAGAR	2023	3.23
Telangana	KHAMMAM	2021	3.23
Telangana	KHAMMAM	2021	2.13
Telangana	KHAMMAM	2021	1.73
Telangana	KHAMMAM	2022	2.68
Telangana	KHAMMAM	2022	6.1
Telangana	KHAMMAM	2022	5.23
Telangana	KHAMMAM	2022	2.31
Telangana	KHAMMAM	2023	6.1
Telangana	KHAMMAM	2023	2.05
Telangana	RANGA REDDY	2022	9.8
Telangana	RANGA REDDY	2022	6.44
Telangana	RANGA REDDY	2023	52
Telangana	RANGA REDDY	2023	16.75
Telangana	WARANGAL RURAL	2021	6.51
Telangana	WARANGAL RURAL	2021	7.01
Telangana	WARANGAL RURAL	2021	6.15
Telangana	WARANGAL RURAL	2022	8.28
Telangana	WARANGAL RURAL	2022	11.18
Telangana	WARANGAL RURAL	2022	3.37
Telangana	WARANGAL RURAL	2022	6.3
Telangana	WARANGAL RURAL	2023	8.45
Telangana	WARANGAL RURAL	2023	11.17
Telangana	WARANGAL RURAL	2023	5.31
Telangana	JANGAON	2023	8.45
Telangana	WARANGAL RURAL	2021	0.81
Telangana	WARANGAL RURAL	2021	1.15
Telangana	WARANGAL RURAL	2021	0.95
Telangana	WARANGAL RURAL	2022	0.72
Telangana	WARANGAL RURAL	2022	0.65
Telangana	WARANGAL RURAL	2022	1.46
Telangana	WARANGAL RURAL	2022	0.85
Telangana	WARANGAL RURAL	2023	1.31
Telangana	WARANGAL RURAL	2023	1.2
Telangana	WARANGAL RURAL	2023	1.14
Telangana	JANGAON	2023	6.91
Telangana	WARANGAL RURAL	2021	4.72
Telangana	WARANGAL RURAL	2021	4.48
Telangana	WARANGAL RURAL	2021	3.14
Telangana	WARANGAL RURAL	2022	5.51
Telangana	WARANGAL RURAL	2022	10.69
Telangana	WARANGAL RURAL	2022	2.81
Telangana	WARANGAL RURAL	2022	3.12
Telangana	WARANGAL RURAL	2023	6.91
Telangana	WARANGAL RURAL	2023	9.49
Telangana	WARANGAL RURAL	2023	4.05
Telangana	RANGA REDDY	2023	10.73
Telangana	RANGA REDDY	2023	15.47
Telangana	RANGA REDDY	2021	3.78
Telangana	RANGA REDDY	2021	2.99
Telangana	RANGA REDDY	2022	3.26
Telangana	RANGA REDDY	2022	4.64
Telangana	RANGA REDDY	2022	2.05
Telangana	RANGA REDDY	2022	1.7
Telangana	MEDAK	2021	3.88
Telangana	MEDAK	2021	0.6
Telangana	MEDAK	2021	0.91
Telangana	MEDAK	2022	2.7
Telangana	MEDAK	2022	7.32
Telangana	MEDAK	2022	1.05
Telangana	MEDAK	2022	0.62
Telangana	MEDAK	2023	3.1
Telangana	MEDAK	2023	7.34
Telangana	MEDAK	2023	1.54
Telangana	NALGONDA	2023	2.78
Telangana	NALGONDA	2023	4.05
Telangana	NALGONDA	2021	5.37
Telangana	NALGONDA	2021	5.26
Telangana	NALGONDA	2021	1.43
Telangana	NALGONDA	2022	1.65
Telangana	NALGONDA	2022	3.13
Telangana	NALGONDA	2022	2.46
Telangana	NALGONDA	2022	1.98
Telangana	NALGONDA	2023	3.6
Telangana	NALGONDA	2022	9.03
Telangana	NALGONDA	2022	24.63
Telangana	NALGONDA	2022	21.2
Telangana	NALGONDA	2022	4.62
Telangana	NALGONDA	2023	27.3
Telangana	MAHBUBNAGAR	2021	1.65
Telangana	MAHBUBNAGAR	2021	0.42
Telangana	MAHBUBNAGAR	2021	1.26
Telangana	MAHBUBNAGAR	2022	1.45
Telangana	MAHBUBNAGAR	2022	2.85
Telangana	MAHBUBNAGAR	2022	0.95
Telangana	MAHBUBNAGAR	2022	1.3
Telangana	MAHBUBNAGAR	2023	8.16
Telangana	MAHBUBNAGAR	2023	3.2
Telangana	MAHBUBNAGAR	2023	2.44
Telangana	WARANGAL URBAN	2021	1.49
Telangana	WARANGAL URBAN	2021	2.9
Telangana	WARANGAL URBAN	2021	1.7
Telangana	WARANGAL URBAN	2022	2.77
Telangana	WARANGAL URBAN	2022	5.67
Telangana	WARANGAL URBAN	2022	1.01
Telangana	WARANGAL URBAN	2022	0.92
Telangana	WARANGAL URBAN	2023	2.85
Telangana	WARANGAL URBAN	2023	4.28
Telangana	JANGAON	2023	2.85
Telangana	SIDDIPET	2023	51.44
Telangana	SIDDIPET	2023	9.8
Telangana	MAHBUBNAGAR	2021	1.36
Telangana	MAHBUBNAGAR	2021	0.84
Telangana	MAHBUBNAGAR	2021	1.42
Telangana	MAHBUBNAGAR	2022	0.45
Telangana	MAHBUBNAGAR	2022	1.38
Telangana	MAHBUBNAGAR	2022	0.47
Telangana	MAHBUBNAGAR	2022	0.44
Telangana	MAHBUBNAGAR	2023	0.82
Telangana	MAHBUBNAGAR	2023	0.36
Telangana	WANAPARTHY	2023	0.82
Telangana	WANAPARTHY	2023	1.3
Telangana	NIZAMABAD	2022	20.14
Telangana	NIZAMABAD	2022	8.26
Telangana	NIZAMABAD	2023	17.23
Telangana	NIZAMABAD	2023	12.06
Telangana	NALGONDA	2021	10.43
Telangana	NALGONDA	2021	8.41
Telangana	NALGONDA	2021	5.71
Telangana	NALGONDA	2022	5.01
Telangana	NALGONDA	2022	6.85
Telangana	NALGONDA	2022	3.68
Telangana	NALGONDA	2022	3.08
Telangana	NALGONDA	2023	7.8
Telangana	NALGONDA	2023	5.23
Telangana	KARIMNAGAR	2022	2.27
Telangana	KARIMNAGAR	2023	9.2
Telangana	KARIMNAGAR	2022	2.27
Telangana	KARIMNAGAR	2022	2.42
Telangana	KARIMNAGAR	2023	1.04
Telangana	WARANGAL RURAL	2021	7.85
Telangana	WARANGAL RURAL	2021	4
Telangana	WARANGAL RURAL	2021	3.53
Telangana	WARANGAL RURAL	2022	6.36
Telangana	WARANGAL RURAL	2022	6.93
Telangana	WARANGAL RURAL	2022	1.89
Telangana	WARANGAL RURAL	2022	3.37
Telangana	WARANGAL RURAL	2023	6.29
Telangana	WARANGAL RURAL	2023	5.6
Telangana	WARANGAL RURAL	2023	1.7
Telangana	NALGONDA	2021	10.55
Telangana	NALGONDA	2021	12.3
Telangana	NALGONDA	2022	9.79
Telangana	NALGONDA	2022	12.33
Telangana	NALGONDA	2022	8.61
Telangana	NALGONDA	2022	4.29
Telangana	NALGONDA	2023	7.4
Telangana	NALGONDA	2023	10.15
Telangana	NALGONDA	2023	11.41
Telangana	ADILABAD	2022	10.01
Telangana	ADILABAD	2022	47.57
Telangana	ADILABAD	2022	4.27
Telangana	ADILABAD	2022	34.72
Telangana	ADILABAD	2023	47.3
Telangana	ADILABAD	2023	9.96
Telangana	KUMURAM BHEEM	2023	8.05
Telangana	SURYAPET	2023	4.21
Telangana	NALGONDA	2021	3.44
Telangana	NALGONDA	2021	3.26
Telangana	NALGONDA	2021	3.53
Telangana	NALGONDA	2022	3.95
Telangana	NALGONDA	2022	4.33
Telangana	NALGONDA	2022	3.55
Telangana	NALGONDA	2022	3.14
Telangana	NALGONDA	2023	4.21
Telangana	NALGONDA	2023	4.31
Telangana	NALGONDA	2023	4.38
Telangana	ADILABAD	2021	3.37
Telangana	ADILABAD	2021	2.03
Telangana	ADILABAD	2021	2.62
Telangana	ADILABAD	2022	3.09
Telangana	ADILABAD	2022	4.28
Telangana	ADILABAD	2022	2.4
Telangana	ADILABAD	2022	2.7
Telangana	ADILABAD	2023	4.61
Telangana	ADILABAD	2023	5.3
Telangana	ADILABAD	2023	2.76
Telangana	SIDDIPET	2023	10.55
Telangana	SIDDIPET	2023	15.28
Telangana	HYDERABAD	2023	13.96
Telangana	HYDERABAD	2023	8.18
Telangana	HYDERABAD	2023	16.68
Telangana	NALGONDA	2022	9.03
Telangana	NALGONDA	2023	22.3
Telangana	RANGA REDDY	2023	4.6
Telangana	WARANGAL RURAL	2021	3.61
Telangana	WARANGAL RURAL	2021	0.25
Telangana	WARANGAL RURAL	2021	2.17
Telangana	WARANGAL RURAL	2022	3.71
Telangana	WARANGAL RURAL	2022	4.75
Telangana	WARANGAL RURAL	2022	1.34
Telangana	WARANGAL RURAL	2023	5.25
Telangana	WARANGAL RURAL	2023	0.54
Telangana	MAHBUBNAGAR	2022	2
Telangana	WARANGAL RURAL	2021	3.57
Telangana	WARANGAL RURAL	2021	4.71
Telangana	WARANGAL RURAL	2021	3.6
Telangana	WARANGAL RURAL	2022	3.42
Telangana	WARANGAL RURAL	2022	3.43
Telangana	WARANGAL RURAL	2022	2.24
Telangana	WARANGAL RURAL	2022	2.9
Telangana	WARANGAL RURAL	2023	5.41
Telangana	WARANGAL RURAL	2021	3.43
Telangana	WARANGAL RURAL	2021	2.81
Telangana	WARANGAL RURAL	2021	2.88
Telangana	WARANGAL RURAL	2022	2.91
Telangana	WARANGAL RURAL	2022	5.68
Telangana	WARANGAL RURAL	2022	0.67
Telangana	WARANGAL RURAL	2023	4.45
Telangana	NALGONDA	2021	9.08
Telangana	NALGONDA	2021	9.45
Telangana	NALGONDA	2021	5.48
Telangana	NALGONDA	2022	4.65
Telangana	NALGONDA	2022	6.03
Telangana	NALGONDA	2022	5.32
Telangana	NALGONDA	2022	4.85
Telangana	NALGONDA	2023	7.01
Telangana	NALGONDA	2023	6.37
Telangana	NALGONDA	2021	9.21
Telangana	NALGONDA	2021	9.58
Telangana	NALGONDA	2021	5.6
Telangana	NALGONDA	2022	4.89
Telangana	NALGONDA	2022	6.42
Telangana	NALGONDA	2022	5.58
Telangana	NALGONDA	2022	4.92
Telangana	NALGONDA	2023	7.1
Telangana	NALGONDA	2023	6.28
Telangana	YADADRI	2023	5.54
Telangana	ADILABAD	2021	7.12
Telangana	ADILABAD	2022	23.04
Telangana	ADILABAD	2022	43.83
Telangana	ADILABAD	2022	17.23
Telangana	ADILABAD	2022	22.93
Telangana	ADILABAD	2023	20.3
Telangana	ADILABAD	2023	22.57
Telangana	MEDAK	2021	4.73
Telangana	MEDAK	2021	3
Telangana	MEDAK	2021	4.46
Telangana	MEDAK	2022	4.02
Telangana	MEDAK	2022	6.98
Telangana	MEDAK	2022	2.1
Telangana	MEDAK	2022	1.66
Telangana	MEDAK	2023	2.29
Telangana	MEDAK	2023	1.75
Telangana	KHAMMAM	2022	0.69
Telangana	KHAMMAM	2022	3
Telangana	KHAMMAM	2023	5.06
Telangana	KHAMMAM	2023	2.95
Telangana	KHAMMAM	2022	1.7
Telangana	KHAMMAM	2022	3.54
Telangana	KHAMMAM	2023	5.8
Telangana	KHAMMAM	2023	3.8
Telangana	ADILABAD	2021	1.9
Telangana	ADILABAD	2022	10.27
Telangana	ADILABAD	2022	6.28
Telangana	ADILABAD	2022	4.92
Telangana	ADILABAD	2023	6.56
Telangana	ADILABAD	2023	18.73
Telangana	ADILABAD	2023	9.97
Telangana	MAHBUBNAGAR	2021	1.6
Telangana	MAHBUBNAGAR	2021	0.5
Telangana	MAHBUBNAGAR	2022	1.5
Telangana	MAHBUBNAGAR	2022	2.43
Telangana	MAHBUBNAGAR	2022	0.5
Telangana	MAHBUBNAGAR	2022	1.05
Telangana	MAHBUBNAGAR	2023	2.02
Telangana	MAHBUBNAGAR	2023	2.57
Telangana	MAHBUBNAGAR	2023	1.37
Telangana	WARANGAL RURAL	2022	0
Telangana	WARANGAL RURAL	2022	1.2
Telangana	WARANGAL RURAL	2023	1.8
Telangana	WARANGAL RURAL	2023	0.67
Telangana	MAHBUBNAGAR	2022	1.57
Telangana	MAHBUBNAGAR	2022	0.7
Telangana	MAHBUBNAGAR	2023	6.04
Telangana	RANGA REDDY	2023	3.07
Telangana	RANGA REDDY	2023	4.85
Telangana	RANGA REDDY	2022	1.34
Telangana	RANGA REDDY	2022	3.99
Telangana	RANGA REDDY	2022	2.43
Telangana	RANGA REDDY	2022	0.93
Telangana	RANGA REDDY	2023	5.12
Telangana	MEDAK	2023	8.97
Telangana	MEDAK	2023	6.86
Telangana	NALGONDA	2023	3.49
Telangana	NALGONDA	2021	1.58
Telangana	NALGONDA	2021	1.07
Telangana	NALGONDA	2021	0.17
Telangana	NALGONDA	2022	0.78
Telangana	NALGONDA	2022	3.89
Telangana	NALGONDA	2022	1.79
Telangana	NALGONDA	2022	0.79
Telangana	NALGONDA	2023	2.38
Telangana	NALGONDA	2023	3.64
Telangana	WARANGAL RURAL	2021	4.12
Telangana	KHAMMAM	2022	8.11
Telangana	KHAMMAM	2022	6.54
Telangana	KHAMMAM	2023	8.72
Telangana	KHAMMAM	2022	7.06
Telangana	KHAMMAM	2022	6.22
Telangana	KHAMMAM	2023	8.84
Telangana	KHAMMAM	2021	7.75
Telangana	KHAMMAM	2021	2.72
Telangana	KHAMMAM	2021	3.7
Telangana	KHAMMAM	2022	5.13
Telangana	KHAMMAM	2022	7.58
Telangana	KHAMMAM	2022	2.93
Telangana	KHAMMAM	2022	1.81
Telangana	KHAMMAM	2023	4.43
Telangana	KHAMMAM	2023	9.06
Telangana	RANGA REDDY	2021	5.14
Telangana	RANGA REDDY	2021	27.7
Telangana	RANGA REDDY	2021	3.68
Telangana	RANGA REDDY	2022	4.29
Telangana	RANGA REDDY	2022	8.2
Telangana	RANGA REDDY	2022	2.26
Telangana	RANGA REDDY	2022	1.52
Telangana	RANGA REDDY	2023	3.49
Telangana	RANGA REDDY	2023	6.66
Telangana	RANGA REDDY	2023	5.7
Telangana	ADILABAD	2021	3.5
Telangana	ADILABAD	2021	3.22
Telangana	ADILABAD	2021	2.37
Telangana	ADILABAD	2022	2.96
Telangana	ADILABAD	2022	6.2
Telangana	ADILABAD	2022	0.79
Telangana	ADILABAD	2022	1.55
Telangana	ADILABAD	2023	3.73
Telangana	ADILABAD	2023	7.31
Telangana	ADILABAD	2023	2.34
Telangana	ADILABAD	2022	0.54
Telangana	ADILABAD	2022	0.8
Telangana	ADILABAD	2023	5.25
Telangana	ADILABAD	2023	1.12
Telangana	MAHBUBNAGAR	2023	4
Telangana	MAHBUBNAGAR	2023	5.55
Telangana	MAHBUBNAGAR	2021	3.51
Telangana	MAHBUBNAGAR	2021	2.8
Telangana	MAHBUBNAGAR	2021	2.9
Telangana	MAHBUBNAGAR	2022	3.81
Telangana	MAHBUBNAGAR	2022	4.87
Telangana	MAHBUBNAGAR	2022	1.87
Telangana	MAHBUBNAGAR	2022	2.14
Telangana	MAHBUBNAGAR	2023	3.64
Telangana	NALGONDA	2023	3.04
Telangana	NALGONDA	2021	4.5
Telangana	NALGONDA	2021	3.93
Telangana	NALGONDA	2021	2.9
Telangana	NALGONDA	2022	3.72
Telangana	NALGONDA	2022	5.56
Telangana	NALGONDA	2022	3.12
Telangana	NALGONDA	2022	3.73
Telangana	NALGONDA	2023	4.36
Telangana	ADILABAD	2021	4.29
Telangana	ADILABAD	2021	1.24
Telangana	ADILABAD	2021	2.48
Telangana	ADILABAD	2022	3.67
Telangana	ADILABAD	2022	5.5
Telangana	ADILABAD	2022	1.42
Telangana	ADILABAD	2022	2.3
Telangana	ADILABAD	2023	5.21
Telangana	ADILABAD	2023	1.97
Telangana	ADILABAD	2023	4.16
Telangana	SANGA REDDY	2023	14.78
Telangana	MEDAK	2021	18.23
Telangana	MEDAK	2021	20.11
Telangana	MEDAK	2021	10.65
Telangana	MEDAK	2022	16.88
Telangana	MEDAK	2022	24.64
Telangana	MEDAK	2022	16.96
Telangana	MEDAK	2022	13.3
Telangana	MEDAK	2023	14.78
Telangana	MEDAK	2023	21.07
Telangana	MEDAK	2023	19.7
Telangana	MEDAK	2022	20.95
Telangana	MEDAK	2022	14.22
Telangana	MEDAK	2023	24.19
Telangana	MEDAK	2023	18.01
Telangana	RANGA REDDY	2023	5.1
Telangana	RANGA REDDY	2021	3.39
Telangana	RANGA REDDY	2021	3.5
Telangana	RANGA REDDY	2021	2.61
Telangana	RANGA REDDY	2022	3.92
Telangana	RANGA REDDY	2022	2.75
Telangana	RANGA REDDY	2023	9.68
Telangana	RANGA REDDY	2023	7.12
Telangana	MEDAK	2021	4.5
Telangana	MEDAK	2021	0.2
Telangana	MEDAK	2021	2.15
Telangana	KARIMNAGAR	2021	2.21
Telangana	KARIMNAGAR	2021	2.38
Telangana	KARIMNAGAR	2021	1.62
Telangana	KARIMNAGAR	2022	2.5
Telangana	KARIMNAGAR	2022	4.62
Telangana	KARIMNAGAR	2022	1.61
Telangana	KARIMNAGAR	2022	2.31
Telangana	KARIMNAGAR	2023	4.97
Telangana	KARIMNAGAR	2023	6.65
Telangana	KARIMNAGAR	2023	3.45
Telangana	MAHBUBNAGAR	2021	5.72
Telangana	MAHBUBNAGAR	2021	3.05
Telangana	MAHBUBNAGAR	2021	3.5
Telangana	MAHBUBNAGAR	2022	5.6
Telangana	MAHBUBNAGAR	2022	9.73
Telangana	MAHBUBNAGAR	2022	3
Telangana	MAHBUBNAGAR	2022	2.67
Telangana	MAHBUBNAGAR	2023	5.75
Telangana	MAHBUBNAGAR	2023	10.34
Telangana	MAHBUBNAGAR	2023	5.45
Telangana	NALGONDA	2021	1.77
Telangana	NALGONDA	2021	0.72
Telangana	NALGONDA	2021	0.58
Telangana	NALGONDA	2022	1.92
Telangana	NALGONDA	2022	3.09
Telangana	NALGONDA	2022	0.93
Telangana	NALGONDA	2021	1.55
Telangana	NALGONDA	2021	0.74
Telangana	NALGONDA	2021	1.85
Telangana	NALGONDA	2022	2.47
Telangana	NALGONDA	2022	2.44
Telangana	NALGONDA	2022	1.61
Telangana	NALGONDA	2022	2.74
Telangana	NALGONDA	2023	4.49
Telangana	NALGONDA	2023	4.92
Telangana	NALGONDA	2023	2.71
Telangana	RANGA REDDY	2021	8.23
Telangana	RANGA REDDY	2021	9.8
Telangana	RANGA REDDY	2021	5.98
Telangana	RANGA REDDY	2022	4.42
Telangana	RANGA REDDY	2022	8
Telangana	RANGA REDDY	2022	5.75
Telangana	RANGA REDDY	2022	3.53
Telangana	RANGA REDDY	2023	5.33
Telangana	RANGA REDDY	2023	6.48
Telangana	RANGA REDDY	2023	5.7
Telangana	VIKARABAD	2023	5.33
Telangana	RANGA REDDY	2021	5.76
Telangana	RANGA REDDY	2021	5.49
Telangana	RANGA REDDY	2021	4.69
Telangana	RANGA REDDY	2022	6.03
Telangana	RANGA REDDY	2022	6.51
Telangana	RANGA REDDY	2022	4.7
Telangana	RANGA REDDY	2022	5.54
Telangana	RANGA REDDY	2023	8.09
Telangana	RANGA REDDY	2023	7.48
Telangana	RANGA REDDY	2023	6.69
Telangana	RANGA REDDY	2021	3.15
Telangana	RANGA REDDY	2022	9.48
Telangana	RANGA REDDY	2022	3.45
Telangana	RANGA REDDY	2022	4.1
Telangana	RANGA REDDY	2023	8.85
Telangana	RANGA REDDY	2023	9.52
Telangana	RANGA REDDY	2023	12.45
Telangana	NALGONDA	2022	14.79
Telangana	NALGONDA	2022	17.77
Telangana	NALGONDA	2022	14.57
Telangana	NALGONDA	2022	8.38
Telangana	NALGONDA	2023	11.67
Telangana	NALGONDA	2023	12.25
Telangana	MEDAK	2023	12.07
Telangana	WARANGAL RURAL	2021	10.64
Telangana	WARANGAL RURAL	2021	12.6
Telangana	WARANGAL RURAL	2021	9.34
Telangana	WARANGAL RURAL	2022	10.2
Telangana	WARANGAL RURAL	2022	31.9
Telangana	WARANGAL RURAL	2022	6.44
Telangana	WARANGAL RURAL	2022	10.93
Telangana	NIZAMABAD	2023	9.64
Telangana	NIZAMABAD	2023	11.05
Telangana	NIZAMABAD	2023	15.09
Telangana	NIZAMABAD	2022	7.91
Telangana	NIZAMABAD	2022	11.46
Telangana	NIZAMABAD	2022	4.39
Telangana	NIZAMABAD	2022	3.36
Telangana	ADILABAD	2021	6.44
Telangana	ADILABAD	2021	3.3
Telangana	ADILABAD	2021	2.72
Telangana	ADILABAD	2022	4.39
Telangana	ADILABAD	2022	7.11
Telangana	ADILABAD	2022	2.91
Telangana	ADILABAD	2022	3.1
Telangana	ADILABAD	2023	4.9
Telangana	ADILABAD	2023	9.04
Telangana	ADILABAD	2023	2.94
Telangana	MANCHERIAL	2023	4.9
Telangana	ADILABAD	2021	28.6
Telangana	ADILABAD	2021	1.17
Telangana	ADILABAD	2021	3.49
Telangana	ADILABAD	2022	4.05
Telangana	ADILABAD	2022	1.84
Telangana	ADILABAD	2022	2.99
Telangana	ADILABAD	2023	4.35
Telangana	ADILABAD	2023	5.71
Telangana	ADILABAD	2023	1.72
Telangana	RANGA REDDY	2021	48.91
Telangana	RANGA REDDY	2021	50.14
Telangana	RANGA REDDY	2022	50.74
Telangana	RANGA REDDY	2022	51.26
Telangana	RANGA REDDY	2022	46.64
Telangana	RANGA REDDY	2022	46.89
Telangana	RANGA REDDY	2023	51.5
Telangana	WARANGAL RURAL	2021	2.97
Telangana	WARANGAL RURAL	2021	2.71
Telangana	WARANGAL RURAL	2021	2.89
Telangana	WARANGAL RURAL	2022	3.9
Telangana	WARANGAL RURAL	2022	5.59
Telangana	WARANGAL RURAL	2022	1.43
Telangana	WARANGAL RURAL	2023	4.61
Telangana	WARANGAL RURAL	2023	5.4
Telangana	WARANGAL RURAL	2023	2.01
Telangana	WARANGAL RURAL	2021	1.94
Telangana	WARANGAL RURAL	2021	1.51
Telangana	WARANGAL RURAL	2021	1.82
Telangana	WARANGAL RURAL	2022	2.41
Telangana	WARANGAL RURAL	2022	2.2
Telangana	WARANGAL RURAL	2022	1.5
Telangana	WARANGAL RURAL	2023	2.57
Telangana	WARANGAL RURAL	2023	2.54
Telangana	WARANGAL RURAL	2023	1.16
Telangana	RANGA REDDY	2021	6.45
Telangana	RANGA REDDY	2021	3.76
Telangana	RANGA REDDY	2021	1.76
Telangana	RANGA REDDY	2022	6.45
Telangana	RANGA REDDY	2022	6.97
Telangana	RANGA REDDY	2022	1.15
Telangana	RANGA REDDY	2022	2.27
Telangana	RANGA REDDY	2023	7.54
Telangana	RANGA REDDY	2023	3.52
Telangana	WARANGAL RURAL	2023	11.71
Telangana	WARANGAL RURAL	2023	21.64
Telangana	WARANGAL RURAL	2023	8.28
Telangana	HANAMKONDA	2023	11.71
Telangana	MAHABUBABAD	2023	2.57
Telangana	WARANGAL RURAL	2021	1.86
Telangana	WARANGAL RURAL	2021	1.33
Telangana	WARANGAL RURAL	2021	1.78
Telangana	WARANGAL RURAL	2022	2.51
Telangana	WARANGAL RURAL	2022	3.65
Telangana	WARANGAL RURAL	2022	0.28
Telangana	WARANGAL RURAL	2022	1.46
Telangana	WARANGAL RURAL	2023	2.67
Telangana	WARANGAL RURAL	2023	2.19
Telangana	WARANGAL RURAL	2023	0.98
Telangana	SIDDIPET	2023	3.56
Telangana	SIDDIPET	2023	4.77
Telangana	ADILABAD	2022	14.68
Telangana	ADILABAD	2023	27.05
Telangana	ADILABAD	2023	13.78
Telangana	SANGA REDDY	2023	16.32
Telangana	MEDAK	2021	23.02
Telangana	MEDAK	2021	19.25
Telangana	MEDAK	2021	17.87
Telangana	MEDAK	2022	18.84
Telangana	MEDAK	2022	20.73
Telangana	MEDAK	2022	17.6
Telangana	MEDAK	2022	16.17
Telangana	MEDAK	2023	16.32
Telangana	MEDAK	2023	21.71
Telangana	MAHBUBNAGAR	2021	5.77
Telangana	MAHBUBNAGAR	2021	7.4
Telangana	MAHBUBNAGAR	2021	5.82
Telangana	MAHBUBNAGAR	2022	6.43
Telangana	MAHBUBNAGAR	2022	9.24
Telangana	MAHBUBNAGAR	2022	3.18
Telangana	MAHBUBNAGAR	2022	1.83
Telangana	MAHBUBNAGAR	2023	3.27
Telangana	MAHBUBNAGAR	2023	6.74
Telangana	KARIMNAGAR	2022	4.14
Telangana	KARIMNAGAR	2023	3.41
Telangana	KARIMNAGAR	2021	7.52
Telangana	KARIMNAGAR	2021	6.23
Telangana	KARIMNAGAR	2021	5.57
Telangana	KARIMNAGAR	2022	7.23
Telangana	KARIMNAGAR	2022	8
Telangana	KARIMNAGAR	2022	3.34
Telangana	KARIMNAGAR	2022	5.95
Telangana	KARIMNAGAR	2023	9.07
Telangana	KARIMNAGAR	2023	6.1
Telangana	MAHBUBNAGAR	2022	4.83
Telangana	MAHBUBNAGAR	2022	2.6
Telangana	MAHBUBNAGAR	2023	9.18
Telangana	MEDAK	2021	5.65
Telangana	MEDAK	2022	7.22
Telangana	MEDAK	2022	11.65
Telangana	MEDAK	2022	2.05
Telangana	MEDAK	2023	6
Telangana	KARIMNAGAR	2021	4.53
Telangana	KARIMNAGAR	2021	3.5
Telangana	KARIMNAGAR	2021	4.08
Telangana	KARIMNAGAR	2022	4.45
Telangana	KARIMNAGAR	2022	4.07
Telangana	KARIMNAGAR	2022	3.52
Telangana	KARIMNAGAR	2022	4.2
Telangana	KARIMNAGAR	2023	6.18
Telangana	JAGITYAL	2023	7.78
Telangana	JAGITYAL	2023	9.07
Telangana	ADILABAD	2021	5.42
Telangana	ADILABAD	2021	4.49
Telangana	ADILABAD	2021	4.94
Telangana	ADILABAD	2022	5.36
Telangana	ADILABAD	2022	6.97
Telangana	ADILABAD	2022	4.6
Telangana	ADILABAD	2022	5.27
Telangana	ADILABAD	2023	9.02
Telangana	ADILABAD	2023	6.43
Telangana	ADILABAD	2023	5.05
Telangana	ADILABAD	2021	10.45
Telangana	ADILABAD	2021	7.06
Telangana	ADILABAD	2021	10.1
Telangana	ADILABAD	2022	13.94
Telangana	ADILABAD	2022	11
Telangana	ADILABAD	2022	7.15
Telangana	ADILABAD	2022	9.65
Telangana	ADILABAD	2023	18.78
Telangana	ADILABAD	2023	15.9
Telangana	ADILABAD	2023	9.56
Telangana	KUMURAM BHEEM	2023	5.56
Telangana	ADILABAD	2021	5.38
Telangana	ADILABAD	2021	0.63
Telangana	ADILABAD	2021	3.48
Telangana	ADILABAD	2022	5.31
Telangana	ADILABAD	2022	5.45
Telangana	ADILABAD	2022	0.78
Telangana	ADILABAD	2022	2.45
Telangana	ADILABAD	2023	5.56
Telangana	ADILABAD	2023	5.81
Telangana	ADILABAD	2023	2.18
Telangana	ADILABAD	2022	7.57
Telangana	ADILABAD	2022	7.25
Telangana	ADILABAD	2023	12.21
Telangana	ADILABAD	2023	8.76
Telangana	ADILABAD	2022	1.71
Telangana	ADILABAD	2022	3.55
Telangana	ADILABAD	2022	1.5
Telangana	ADILABAD	2022	1.2
Telangana	ADILABAD	2023	3.82
Telangana	ADILABAD	2023	2.36
Telangana	NIZAMABAD	2021	4.25
Telangana	NIZAMABAD	2021	2.22
Telangana	NIZAMABAD	2021	2.65
Telangana	NIZAMABAD	2022	3.35
Telangana	NIZAMABAD	2022	2.1
Telangana	NIZAMABAD	2023	2.35
Telangana	MAHBUBNAGAR	2023	11.26
Telangana	MAHBUBNAGAR	2023	14.89
Telangana	MAHBUBNAGAR	2023	13.47
Telangana	MAHBUBNAGAR	2021	6.49
Telangana	MAHBUBNAGAR	2021	11.39
Telangana	MAHBUBNAGAR	2021	6.17
Telangana	MAHBUBNAGAR	2022	8.9
Telangana	MAHBUBNAGAR	2022	15.43
Telangana	MAHBUBNAGAR	2022	8.73
Telangana	MAHBUBNAGAR	2022	5.74
Telangana	RANGA REDDY	2021	1.9
Telangana	RANGA REDDY	2021	3.61
Telangana	RANGA REDDY	2021	2.55
Telangana	RANGA REDDY	2022	3.21
Telangana	RANGA REDDY	2022	4.6
Telangana	RANGA REDDY	2022	2.22
Telangana	RANGA REDDY	2022	1.94
Telangana	RANGA REDDY	2023	3.95
Telangana	RANGA REDDY	2023	5.98
Telangana	RANGA REDDY	2023	3.34
Telangana	WARANGAL RURAL	2021	2.4
Telangana	WARANGAL RURAL	2021	2.23
Telangana	WARANGAL RURAL	2021	1.7
Telangana	WARANGAL RURAL	2022	4.07
Telangana	WARANGAL RURAL	2022	5.05
Telangana	WARANGAL RURAL	2022	1.13
Telangana	WARANGAL RURAL	2022	0.65
Telangana	WARANGAL RURAL	2023	2.75
Telangana	WARANGAL RURAL	2023	5.37
Telangana	WARANGAL RURAL	2023	1.88
Telangana	ADILABAD	2021	2.55
Telangana	ADILABAD	2021	2
Telangana	ADILABAD	2021	2.21
Telangana	ADILABAD	2022	2.42
Telangana	ADILABAD	2022	3.82
Telangana	ADILABAD	2022	1.1
Telangana	ADILABAD	2022	1.49
Telangana	ADILABAD	2023	3.32
Telangana	ADILABAD	2023	5.82
Telangana	ADILABAD	2023	2.47
Telangana	MANCHERIAL	2023	3.58
Telangana	ADILABAD	2021	3.61
Telangana	ADILABAD	2021	0.55
Telangana	ADILABAD	2021	1.47
Telangana	ADILABAD	2022	3.28
Telangana	ADILABAD	2022	5.65
Telangana	ADILABAD	2022	0.54
Telangana	ADILABAD	2022	1.1
Telangana	ADILABAD	2023	3.58
Telangana	ADILABAD	2023	6.21
Telangana	ADILABAD	2023	1.18
Telangana	MAHBUBNAGAR	2023	43.57
Telangana	MAHBUBNAGAR	2023	9.85
Telangana	MAHBUBNAGAR	2022	6.09
Telangana	MAHBUBNAGAR	2022	15.4
Telangana	MAHBUBNAGAR	2021	0.93
Telangana	MAHBUBNAGAR	2021	2.2
Telangana	MAHBUBNAGAR	2021	0.81
Telangana	MAHBUBNAGAR	2022	0.92
Telangana	MAHBUBNAGAR	2022	1.3
Telangana	MAHBUBNAGAR	2022	0.2
Telangana	MAHBUBNAGAR	2022	1.24
Telangana	MAHBUBNAGAR	2023	2
Telangana	MAHBUBNAGAR	2023	9.41
Telangana	MAHBUBNAGAR	2021	0.25
Telangana	MAHBUBNAGAR	2022	0.47
Telangana	MAHBUBNAGAR	2022	3.49
Telangana	MAHBUBNAGAR	2022	0.71
Telangana	MAHBUBNAGAR	2022	0.28
Telangana	MAHBUBNAGAR	2023	1.47
Telangana	MAHBUBNAGAR	2023	3.27
Telangana	MAHBUBNAGAR	2021	7.84
Telangana	MAHBUBNAGAR	2021	12.3
Telangana	MAHBUBNAGAR	2021	8.92
Telangana	MAHBUBNAGAR	2022	8.68
Telangana	MAHBUBNAGAR	2022	10.35
Telangana	MAHBUBNAGAR	2023	8.64
Telangana	WANAPARTHY	2023	2
Telangana	WANAPARTHY	2023	2.34
Telangana	MAHBUBNAGAR	2022	8.13
Telangana	MAHBUBNAGAR	2022	8.05
Telangana	MAHBUBNAGAR	2023	0.84
Telangana	WARANGAL RURAL	2022	4.57
Telangana	WARANGAL RURAL	2022	1.1
Telangana	WARANGAL RURAL	2022	2.35
Telangana	WARANGAL RURAL	2023	4.67
Telangana	WARANGAL RURAL	2023	1.43
Telangana	MEDAK	2021	4.25
Telangana	MEDAK	2021	3.33
Telangana	MEDAK	2022	4.95
Telangana	MEDAK	2022	6.68
Telangana	MEDAK	2022	3.88
Telangana	MEDAK	2022	2.83
Telangana	MEDAK	2023	4.97
Telangana	MEDAK	2023	6.43
Telangana	MEDAK	2023	2.39
Telangana	SANGA REDDY	2023	4.97
Telangana	KARIMNAGAR	2022	5.4
Telangana	KARIMNAGAR	2022	5.89
Telangana	MAHBUBNAGAR	2022	4.37
Telangana	MAHBUBNAGAR	2022	3.85
Telangana	MAHBUBNAGAR	2023	4.78
Telangana	SANGA REDDY	2023	8.53
Telangana	MEDAK	2022	7.96
Telangana	MEDAK	2022	6.03
Telangana	MEDAK	2023	17.36
Telangana	MEDAK	2023	5.53
Telangana	MAHBUBNAGAR	2022	2.64
Telangana	MAHBUBNAGAR	2022	6.04
Telangana	MAHBUBNAGAR	2022	1.35
Telangana	MAHBUBNAGAR	2022	1.23
Telangana	MAHBUBNAGAR	2023	4.82
Telangana	MAHBUBNAGAR	2023	3.13
Telangana	ADILABAD	2022	3.35
Telangana	ADILABAD	2022	7.4
Telangana	ADILABAD	2023	10.33
Telangana	ADILABAD	2023	5.87
Telangana	RANGA REDDY	2021	9.02
Telangana	RANGA REDDY	2021	2.83
Telangana	RANGA REDDY	2021	7.61
Telangana	RANGA REDDY	2022	8.05
Telangana	RANGA REDDY	2022	8.3
Telangana	RANGA REDDY	2022	6.75
Telangana	RANGA REDDY	2022	6.9
Telangana	RANGA REDDY	2023	9.03
Telangana	RANGA REDDY	2023	8.15
Telangana	NAGARKURNOOL	2023	4.36
Telangana	NAGARKURNOOL	2023	6
Telangana	MAHBUBNAGAR	2021	6.3
Telangana	MAHBUBNAGAR	2021	6.7
Telangana	MAHBUBNAGAR	2021	5.73
Telangana	MAHBUBNAGAR	2022	6.22
Telangana	MAHBUBNAGAR	2022	9.06
Telangana	MAHBUBNAGAR	2022	5.48
Telangana	MAHBUBNAGAR	2022	3
Telangana	MAHBUBNAGAR	2023	4.36
Telangana	ADILABAD	2023	3.46
Telangana	ADILABAD	2023	3.93
Telangana	ADILABAD	2021	2.1
Telangana	ADILABAD	2021	1.55
Telangana	ADILABAD	2021	1.9
Telangana	ADILABAD	2022	1.61
Telangana	ADILABAD	2022	3.24
Telangana	ADILABAD	2022	1.61
Telangana	ADILABAD	2022	0.98
Telangana	ADILABAD	2023	1.91
Telangana	ADILABAD	2023	2.48
Telangana	RANGA REDDY	2023	8.5
Telangana	RANGA REDDY	2023	10.97
Telangana	MAHBUBNAGAR	2023	16.33
Telangana	ADILABAD	2021	3.09
Telangana	ADILABAD	2021	10.36
Telangana	ADILABAD	2021	1.79
Telangana	ADILABAD	2022	3.12
Telangana	ADILABAD	2022	3.98
Telangana	ADILABAD	2022	1.35
Telangana	ADILABAD	2022	1.94
Telangana	ADILABAD	2023	5.08
Telangana	ADILABAD	2023	2.26
Telangana	ADILABAD	2022	1.31
Telangana	ADILABAD	2022	3.6
Telangana	ADILABAD	2023	10.41
Telangana	ADILABAD	2023	2.58
Telangana	WARANGAL RURAL	2021	4.53
Telangana	WARANGAL RURAL	2021	5.43
Telangana	WARANGAL RURAL	2021	3.6
Telangana	WARANGAL RURAL	2022	4.59
Telangana	WARANGAL RURAL	2022	9.41
Telangana	WARANGAL RURAL	2022	1.38
Telangana	WARANGAL RURAL	2022	1.75
Telangana	WARANGAL RURAL	2023	3.43
Telangana	WARANGAL RURAL	2023	6.45
Telangana	WARANGAL RURAL	2023	2.31
Telangana	WARANGAL RURAL	2023	3.43
Telangana	ADILABAD	2021	3.47
Telangana	ADILABAD	2021	1.24
Telangana	ADILABAD	2021	1.99
Telangana	ADILABAD	2022	2.69
Telangana	ADILABAD	2022	4.44
Telangana	ADILABAD	2022	1.13
Telangana	ADILABAD	2022	1.66
Telangana	ADILABAD	2023	4.27
Telangana	ADILABAD	2023	6.61
Telangana	ADILABAD	2023	2.46
Telangana	MEDAK	2021	6.95
Telangana	MEDAK	2021	8.08
Telangana	MEDAK	2021	4.89
Telangana	MEDAK	2022	7.04
Telangana	MEDAK	2022	12.26
Telangana	MEDAK	2022	2.11
Telangana	MEDAK	2022	2.52
Telangana	MEDAK	2023	5.78
Telangana	MEDAK	2023	7.7
Telangana	MEDAK	2023	11.14
Telangana	MEDAK	2023	1.93
Telangana	MEDAK	2023	3.85
Telangana	MEDAK	2022	2.23
Telangana	MEDAK	2022	2.8
Telangana	WARANGAL RURAL	2022	2.45
Telangana	WARANGAL RURAL	2022	3.46
Telangana	WARANGAL RURAL	2022	0.58
Telangana	WARANGAL RURAL	2022	2.04
Telangana	WARANGAL RURAL	2023	7.2
Telangana	WARANGAL RURAL	2023	1.42
Telangana	JAGITYAL	2023	2.54
Telangana	JAGITYAL	2023	2.65
Telangana	KHAMMAM	2023	1.85
Telangana	KHAMMAM	2023	3.02
Telangana	KHAMMAM	2023	1.2
Telangana	NIRMAL	2023	11.09
Telangana	ADILABAD	2021	19.03
Telangana	ADILABAD	2021	29.2
Telangana	ADILABAD	2021	14.32
Telangana	ADILABAD	2022	10.72
Telangana	ADILABAD	2022	21.05
Telangana	ADILABAD	2022	14.03
Telangana	ADILABAD	2022	10.4
Telangana	ADILABAD	2023	11.09
Telangana	ADILABAD	2023	20.45
Telangana	ADILABAD	2023	14.82
Telangana	KARIMNAGAR	2021	4.12
Telangana	KARIMNAGAR	2021	3.75
Telangana	KARIMNAGAR	2021	3.22
Telangana	KARIMNAGAR	2022	4.05
Telangana	KARIMNAGAR	2022	4.26
Telangana	KARIMNAGAR	2022	1.94
Telangana	KARIMNAGAR	2022	3.05
Telangana	KARIMNAGAR	2023	4.84
Telangana	KARIMNAGAR	2023	5.8
Telangana	KARIMNAGAR	2023	3.72
Telangana	NAGARKURNOOL	2023	14.23
Telangana	NAGARKURNOOL	2023	18.63
Telangana	MAHBUBNAGAR	2021	19.17
Telangana	MAHBUBNAGAR	2021	21.64
Telangana	MAHBUBNAGAR	2021	18.94
Telangana	MAHBUBNAGAR	2022	19.4
Telangana	MAHBUBNAGAR	2022	21.94
Telangana	MAHBUBNAGAR	2022	18.02
Telangana	MAHBUBNAGAR	2022	12.08
Telangana	MAHBUBNAGAR	2023	14.23
Telangana	MAHBUBNAGAR	2023	18.71
Telangana	MAHBUBNAGAR	2023	1.31
Telangana	MAHBUBNAGAR	2023	1.74
Telangana	MAHBUBNAGAR	2021	0.7
Telangana	MAHBUBNAGAR	2021	0.41
Telangana	MAHBUBNAGAR	2021	2.32
Telangana	MAHBUBNAGAR	2022	0.53
Telangana	MAHBUBNAGAR	2022	0.65
Telangana	MAHBUBNAGAR	2022	0.3
Telangana	MAHBUBNAGAR	2022	0.43
Telangana	MAHBUBNAGAR	2023	0.77
Telangana	WARANGAL RURAL	2021	7.42
Telangana	WARANGAL RURAL	2021	8.41
Telangana	WARANGAL RURAL	2021	7.26
Telangana	WARANGAL RURAL	2022	7.59
Telangana	WARANGAL RURAL	2022	1.21
Telangana	WARANGAL RURAL	2022	5.05
Telangana	WARANGAL RURAL	2023	8.14
Telangana	WARANGAL RURAL	2023	6.53
Telangana	NIZAMABAD	2021	11.77
Telangana	NIZAMABAD	2021	11.06
Telangana	NIZAMABAD	2021	6
Telangana	NIZAMABAD	2022	7.8
Telangana	NIZAMABAD	2022	7.32
Telangana	NIZAMABAD	2022	5.26
Telangana	NIZAMABAD	2023	10.27
Telangana	NIZAMABAD	2023	2.51
Telangana	NIZAMABAD	2023	7.98
Telangana	NIZAMABAD	2023	10.29
Telangana	KAMAREDDY	2023	7.98
Telangana	NIZAMABAD	2021	7.77
Telangana	NIZAMABAD	2021	2.09
Telangana	NIZAMABAD	2021	2.61
Telangana	NIZAMABAD	2022	5.28
Telangana	NIZAMABAD	2022	10.35
Telangana	NIZAMABAD	2022	0.76
Telangana	NIZAMABAD	2022	1.74
Telangana	NIZAMABAD	2023	9.56
Telangana	NIZAMABAD	2023	6.95
Telangana	ADILABAD	2022	4.85
Telangana	ADILABAD	2022	7.88
Telangana	ADILABAD	2022	2.43
Telangana	ADILABAD	2022	3.75
Telangana	ADILABAD	2023	8.37
Telangana	ADILABAD	2023	2.24
Telangana	ADILABAD	2023	2.67
Telangana	ADILABAD	2023	2.96
Telangana	ADILABAD	2023	2.62
Telangana	NALGONDA	2022	4.65
Telangana	NALGONDA	2022	3.01
Telangana	NALGONDA	2023	5.37
Telangana	NALGONDA	2023	4.39
Telangana	RANGA REDDY	2021	13.2
Telangana	RANGA REDDY	2021	2.33
Telangana	RANGA REDDY	2021	11.84
Telangana	RANGA REDDY	2022	13.95
Telangana	RANGA REDDY	2022	21.64
Telangana	RANGA REDDY	2022	10.07
Telangana	RANGA REDDY	2022	10.43
Telangana	RANGA REDDY	2023	14.03
Telangana	RANGA REDDY	2023	20.69
Telangana	RANGA REDDY	2023	15.77
Telangana	NALGONDA	2021	4.56
Telangana	NALGONDA	2021	4.23
Telangana	NALGONDA	2021	3.44
Telangana	NALGONDA	2022	4.88
Telangana	NALGONDA	2022	7.52
Telangana	NALGONDA	2022	5.03
Telangana	NALGONDA	2022	4.75
Telangana	NALGONDA	2023	6.67
Telangana	NALGONDA	2023	8.92
Telangana	NALGONDA	2023	8.1
Telangana	RANGA REDDY	2021	1.2
Telangana	RANGA REDDY	2021	3
Telangana	RANGA REDDY	2021	1.19
Telangana	RANGA REDDY	2022	2.59
Telangana	RANGA REDDY	2022	3.11
Telangana	RANGA REDDY	2022	1.25
Telangana	RANGA REDDY	2022	1.7
Telangana	RANGA REDDY	2023	3.12
Telangana	RANGA REDDY	2023	4.31
Telangana	RANGA REDDY	2023	3.36
Telangana	MAHBUBNAGAR	2021	3.6
Telangana	MAHBUBNAGAR	2021	2.9
Telangana	MAHBUBNAGAR	2021	3.47
Telangana	MAHBUBNAGAR	2022	3.83
Telangana	MAHBUBNAGAR	2022	4.2
Telangana	MAHBUBNAGAR	2022	2.6
Telangana	MAHBUBNAGAR	2022	3
Telangana	MAHBUBNAGAR	2023	4.19
Telangana	MAHBUBNAGAR	2023	3.8
Telangana	MAHBUBNAGAR	2023	2.84
Telangana	NALGONDA	2021	2.84
Telangana	NALGONDA	2021	2.84
Telangana	NALGONDA	2021	2.33
Telangana	NALGONDA	2022	3.29
Telangana	NALGONDA	2022	4.67
Telangana	NALGONDA	2022	1.99
Telangana	NALGONDA	2022	2.34
Telangana	NALGONDA	2023	4.33
Telangana	NALGONDA	2023	5.02
Telangana	NALGONDA	2023	2.87
Telangana	NALGONDA	2021	2.46
Telangana	NALGONDA	2021	1.81
Telangana	NALGONDA	2021	1.2
Telangana	NALGONDA	2022	2.06
Telangana	NALGONDA	2022	3.09
Telangana	NALGONDA	2022	1.06
Telangana	NALGONDA	2022	1.1
Telangana	NALGONDA	2023	2.49
Telangana	NALGONDA	2023	2.9
Telangana	SURYAPET	2023	2.49
Telangana	MAHBUBNAGAR	2023	5.11
Telangana	MAHBUBNAGAR	2023	6.13
Telangana	MAHBUBNAGAR	2023	6.57
Telangana	MAHBUBNAGAR	2021	6.3
Telangana	MAHBUBNAGAR	2021	8.5
Telangana	MAHBUBNAGAR	2021	5.26
Telangana	MAHBUBNAGAR	2022	5.13
Telangana	MAHBUBNAGAR	2022	4.45
Telangana	MAHBUBNAGAR	2022	5.06
Telangana	MAHBUBNAGAR	2022	4.02
Telangana	RANGA REDDY	2021	5.2
Telangana	RANGA REDDY	2021	5.1
Telangana	RANGA REDDY	2021	3.41
Telangana	RANGA REDDY	2022	6.13
Telangana	RANGA REDDY	2022	9.5
Telangana	RANGA REDDY	2022	2.5
Telangana	RANGA REDDY	2022	3.55
Telangana	RANGA REDDY	2023	6.53
Telangana	RANGA REDDY	2023	4.74
Telangana	ADILABAD	2022	18.52
Telangana	ADILABAD	2022	24
Telangana	ADILABAD	2022	11.82
Telangana	ADILABAD	2022	10.4
Telangana	ADILABAD	2023	27.27
Telangana	WARANGAL RURAL	2022	0.94
Telangana	WARANGAL RURAL	2022	0.72
Telangana	WARANGAL RURAL	2023	5.1
Telangana	WARANGAL RURAL	2023	3.98
Telangana	WARANGAL RURAL	2022	0.65
Telangana	WARANGAL RURAL	2022	1.12
Telangana	WARANGAL RURAL	2023	4.8
Telangana	WARANGAL RURAL	2023	4.55
Telangana	WARANGAL RURAL	2022	0.94
Telangana	WARANGAL RURAL	2022	1.08
Telangana	WARANGAL RURAL	2023	4.7
Telangana	WARANGAL RURAL	2023	4.41
Telangana	KARIMNAGAR	2022	6.63
Telangana	KARIMNAGAR	2022	5.53
Telangana	KARIMNAGAR	2023	5.91
Telangana	KARIMNAGAR	2023	5.69
Telangana	ADILABAD	2022	13.76
Telangana	ADILABAD	2022	14.58
Telangana	ADILABAD	2022	12.55
Telangana	ADILABAD	2022	11.51
Telangana	ADILABAD	2023	14.18
Telangana	ADILABAD	2023	12.78
Telangana	ADILABAD	2022	14.82
Telangana	ADILABAD	2022	12.1
Telangana	ADILABAD	2023	18.27
Telangana	ADILABAD	2023	11.96
Telangana	RANGA REDDY	2021	3.1
Telangana	RANGA REDDY	2021	2.8
Telangana	RANGA REDDY	2021	2.57
Telangana	RANGA REDDY	2022	3.55
Telangana	RANGA REDDY	2022	4.8
Telangana	RANGA REDDY	2022	3.45
Telangana	RANGA REDDY	2022	3.28
Telangana	RANGA REDDY	2023	4.01
Telangana	RANGA REDDY	2023	5.86
Telangana	RANGA REDDY	2023	2.93
Telangana	MAHBUBNAGAR	2021	8.9
Telangana	MAHBUBNAGAR	2021	5.56
Telangana	MAHBUBNAGAR	2021	6.56
Telangana	MAHBUBNAGAR	2022	9.84
Telangana	MAHBUBNAGAR	2022	16.54
Telangana	MAHBUBNAGAR	2022	5.73
Telangana	MAHBUBNAGAR	2022	4.02
Telangana	WARANGAL RURAL	2021	1.33
Telangana	WARANGAL RURAL	2022	3.33
Telangana	WARANGAL RURAL	2022	4.66
Telangana	WARANGAL RURAL	2022	0.95
Telangana	WARANGAL RURAL	2022	1.52
Telangana	WARANGAL RURAL	2023	4.12
Telangana	WARANGAL RURAL	2023	5.36
Telangana	WARANGAL RURAL	2023	2.29
Telangana	MULUGU	2023	3.14
Telangana	WARANGAL RURAL	2021	2.87
Telangana	WARANGAL RURAL	2021	1.77
Telangana	WARANGAL RURAL	2021	1.52
Telangana	WARANGAL RURAL	2023	3.14
Telangana	WARANGAL RURAL	2023	1.18
Telangana	WARANGAL RURAL	2021	3.28
Telangana	WARANGAL RURAL	2021	2.12
Telangana	WARANGAL RURAL	2021	2.02
Telangana	WARANGAL RURAL	2022	3.81
Telangana	WARANGAL RURAL	2022	3.17
Telangana	WARANGAL RURAL	2022	1.92
Telangana	WARANGAL RURAL	2022	2.15
Telangana	WARANGAL RURAL	2023	4.03
Telangana	KARIMNAGAR	2021	6.32
Telangana	KARIMNAGAR	2021	6.1
Telangana	KARIMNAGAR	2021	5.75
Telangana	KARIMNAGAR	2022	1.13
Telangana	KARIMNAGAR	2022	7.77
Telangana	KARIMNAGAR	2022	4.81
Telangana	KARIMNAGAR	2022	7.98
Telangana	KARIMNAGAR	2023	10.16
Telangana	KARIMNAGAR	2023	0.1
Telangana	JAYASHANKAR BHUPALAPALLY	2023	2.08
Telangana	KARIMNAGAR	2021	1.75
Telangana	KARIMNAGAR	2021	0.33
Telangana	KARIMNAGAR	2021	0.42
Telangana	KARIMNAGAR	2022	4.22
Telangana	KARIMNAGAR	2022	4.76
Telangana	KARIMNAGAR	2022	0.88
Telangana	KARIMNAGAR	2023	3.18
Telangana	KARIMNAGAR	2023	0.12
Telangana	JAYASHANKAR BHUPALAPALLY	2023	8.63
Telangana	KARIMNAGAR	2021	4.53
Telangana	KARIMNAGAR	2021	3.37
Telangana	KARIMNAGAR	2021	4.03
Telangana	KARIMNAGAR	2022	5.02
Telangana	KARIMNAGAR	2022	8.12
Telangana	KARIMNAGAR	2022	1.99
Telangana	KARIMNAGAR	2022	2.96
Telangana	KARIMNAGAR	2023	5.21
Telangana	KARIMNAGAR	2023	8.17
Telangana	KARIMNAGAR	2023	4.03
Telangana	SIDDIPET	2023	5.21
Telangana	KHAMMAM	2022	5.35
Telangana	KHAMMAM	2022	2.82
Telangana	KHAMMAM	2022	2.68
Telangana	KHAMMAM	2023	5.58
Telangana	KHAMMAM	2023	4.32
Telangana	MEDAK	2021	20.04
Telangana	MEDAK	2021	21.7
Telangana	MEDAK	2021	18.4
Telangana	MEDAK	2022	17.71
Telangana	MEDAK	2022	24.2
Telangana	MEDAK	2022	20.16
Telangana	MEDAK	2022	16.89
Telangana	MEDAK	2023	18.02
Telangana	MEDAK	2023	23.14
Telangana	MEDAK	2023	21.35
Telangana	MEDAK	2023	18.02
Telangana	ADILABAD	2023	4.42
Telangana	ADILABAD	2023	2.31
Telangana	ADILABAD	2021	15.84
Telangana	ADILABAD	2021	1.11
Telangana	ADILABAD	2021	1.96
Telangana	ADILABAD	2022	4.45
Telangana	ADILABAD	2022	0.97
Telangana	ADILABAD	2022	2.4
Telangana	ADILABAD	2023	17.7
Telangana	WARANGAL RURAL	2021	1.21
Telangana	WARANGAL RURAL	2021	0.8
Telangana	WARANGAL RURAL	2021	0.86
Telangana	WARANGAL RURAL	2022	0.99
Telangana	WARANGAL RURAL	2022	2.4
Telangana	WARANGAL RURAL	2022	-0.25
Telangana	WARANGAL RURAL	2022	1.85
Telangana	WARANGAL RURAL	2023	3.41
Telangana	WARANGAL RURAL	2023	3.83
Telangana	WARANGAL RURAL	2023	1.12
Telangana	RANGA REDDY	2023	5.97
Telangana	RANGA REDDY	2022	9.3
Telangana	RANGA REDDY	2022	9.45
Telangana	RANGA REDDY	2023	11.93
Telangana	RANGA REDDY	2023	8.25
Telangana	RANGA REDDY	2022	9.9
Telangana	RANGA REDDY	2022	9.6
Telangana	RANGA REDDY	2023	12.14
Telangana	RANGA REDDY	2023	9.64
Telangana	RANGA REDDY	2021	7.7
Telangana	RANGA REDDY	2021	5.32
Telangana	RANGA REDDY	2021	3.22
Telangana	RANGA REDDY	2022	7.86
Telangana	RANGA REDDY	2022	7.4
Telangana	RANGA REDDY	2022	2.7
Telangana	RANGA REDDY	2022	5.44
Telangana	RANGA REDDY	2023	9.17
Telangana	RANGA REDDY	2023	6.45
Telangana	MAHBUBNAGAR	2021	8.37
Telangana	MAHBUBNAGAR	2021	9.17
Telangana	MAHBUBNAGAR	2021	6.08
Telangana	MAHBUBNAGAR	2022	8.93
Telangana	MAHBUBNAGAR	2022	10.67
Telangana	MAHBUBNAGAR	2022	8.39
Telangana	MAHBUBNAGAR	2022	5.24
Telangana	MAHBUBNAGAR	2023	8.7
Telangana	RANGA REDDY	2023	6.46
Telangana	RANGA REDDY	2023	7.23
Telangana	WARANGAL RURAL	2021	1.9
Telangana	WARANGAL RURAL	2021	1.17
Telangana	WARANGAL RURAL	2021	1.26
Telangana	WARANGAL RURAL	2022	1.81
Telangana	WARANGAL RURAL	2022	2.11
Telangana	WARANGAL RURAL	2022	0.47
Telangana	WARANGAL RURAL	2023	2.69
Telangana	WARANGAL RURAL	2023	2.72
Telangana	WARANGAL RURAL	2023	1.3
Telangana	KHAMMAM	2021	2.44
Telangana	KHAMMAM	2021	1.01
Telangana	KHAMMAM	2021	1.49
Telangana	KHAMMAM	2022	2.04
Telangana	KHAMMAM	2022	3.16
Telangana	KHAMMAM	2022	1.43
Telangana	KHAMMAM	2022	2.64
Telangana	KHAMMAM	2023	3.7
Telangana	KARIMNAGAR	2021	5.95
Telangana	KARIMNAGAR	2021	3.45
Telangana	KARIMNAGAR	2021	4.25
Telangana	KARIMNAGAR	2022	6.33
Telangana	KARIMNAGAR	2022	6.84
Telangana	KARIMNAGAR	2022	0.23
Telangana	KARIMNAGAR	2022	5.6
Telangana	KARIMNAGAR	2023	8.87
Telangana	KARIMNAGAR	2023	5.13
Telangana	NALGONDA	2021	2.14
Telangana	NALGONDA	2021	1.4
Telangana	NALGONDA	2021	1.16
Telangana	NALGONDA	2022	1.98
Telangana	NALGONDA	2022	4.01
Telangana	NALGONDA	2022	0.21
Telangana	NALGONDA	2022	1.31
Telangana	NALGONDA	2023	3.63
Telangana	NALGONDA	2023	4.1
Telangana	NALGONDA	2023	2.78
Telangana	NALGONDA	2023	3.63
Telangana	WANAPARTHY	2023	3.07
Telangana	WANAPARTHY	2023	2.97
Telangana	MAHBUBNAGAR	2021	1.98
Telangana	MAHBUBNAGAR	2021	0.94
Telangana	MAHBUBNAGAR	2021	1.15
Telangana	MAHBUBNAGAR	2022	2.54
Telangana	MAHBUBNAGAR	2022	2.8
Telangana	MAHBUBNAGAR	2022	1.02
Telangana	MAHBUBNAGAR	2022	1.32
Telangana	MAHBUBNAGAR	2023	3.07
Telangana	MAHBUBNAGAR	2023	2.07
Telangana	KHAMMAM	2021	1.96
Telangana	KHAMMAM	2021	1.25
Telangana	KHAMMAM	2021	1.01
Telangana	KHAMMAM	2022	2
Telangana	KHAMMAM	2022	3.05
Telangana	KHAMMAM	2022	0.68
Telangana	KHAMMAM	2022	1.02
Telangana	KHAMMAM	2023	1.46
Telangana	KHAMMAM	2023	3.14
Telangana	KHAMMAM	2023	1.85
Telangana	NIZAMABAD	2023	6.46
Telangana	NIZAMABAD	2023	6.92
Telangana	NIZAMABAD	2021	6.47
Telangana	NIZAMABAD	2021	5.59
Telangana	NIZAMABAD	2021	5.16
Telangana	NIZAMABAD	2022	5.59
Telangana	NIZAMABAD	2022	6.46
Telangana	NIZAMABAD	2022	5.3
Telangana	NIZAMABAD	2022	5.5
Telangana	NIZAMABAD	2023	5.38
Telangana	WANAPARTHY	2023	6.33
Telangana	WANAPARTHY	2023	9.6
Telangana	MAHBUBNAGAR	2021	6.94
Telangana	MAHBUBNAGAR	2022	8.41
Telangana	MAHBUBNAGAR	2022	10.16
Telangana	MAHBUBNAGAR	2022	6.52
Telangana	MAHBUBNAGAR	2022	3.51
Telangana	MAHBUBNAGAR	2023	9.61
Telangana	RANGA REDDY	2022	3.15
Telangana	RANGA REDDY	2022	3.49
Telangana	RANGA REDDY	2023	6.71
Telangana	RANGA REDDY	2023	5.23
Telangana	MAHBUBNAGAR	2022	5.2
Telangana	MAHBUBNAGAR	2022	4.4
Telangana	MAHBUBNAGAR	2022	8.5
Telangana	MAHBUBNAGAR	2022	3.36
Telangana	NALGONDA	2023	9.2
Telangana	NALGONDA	2021	8.06
Telangana	NALGONDA	2021	7.8
Telangana	NALGONDA	2021	8.8
Telangana	NALGONDA	2022	8.63
Telangana	NALGONDA	2022	7.31
Telangana	NALGONDA	2022	9.1
Telangana	NALGONDA	2022	8.08
Telangana	NALGONDA	2023	9.2
Telangana	NALGONDA	2023	7.72
Telangana	NALGONDA	2023	11.43
Telangana	MEDAK	2021	2.52
Telangana	MEDAK	2022	4.54
Telangana	MEDAK	2022	7.76
Telangana	MEDAK	2022	7.49
Telangana	MEDAK	2023	6.43
Telangana	MEDAK	2023	4.7
Telangana	KHAMMAM	2022	1.16
Telangana	KHAMMAM	2022	2.06
Telangana	KHAMMAM	2022	0.47
Telangana	KHAMMAM	2022	0.9
Telangana	KHAMMAM	2023	2.36
Telangana	KHAMMAM	2023	1.36
Telangana	NALGONDA	2021	2.12
Telangana	NALGONDA	2021	1.92
Telangana	NALGONDA	2021	2.26
Telangana	NALGONDA	2022	2.55
Telangana	NALGONDA	2022	3.16
Telangana	NALGONDA	2022	2.16
Telangana	NALGONDA	2022	2.01
Telangana	NALGONDA	2023	3.1
Telangana	NALGONDA	2023	3.98
Telangana	NALGONDA	2023	2.75
Telangana	NALGONDA	2021	3
Telangana	NALGONDA	2021	3.04
Telangana	NALGONDA	2021	2.76
Telangana	NALGONDA	2022	3.04
Telangana	WARANGAL RURAL	2022	2.69
Telangana	WARANGAL RURAL	2022	2.85
Telangana	WARANGAL RURAL	2023	6.3
Telangana	WARANGAL RURAL	2023	3.86
Telangana	WARANGAL RURAL	2022	4.19
Telangana	WARANGAL RURAL	2022	5.34
Telangana	WARANGAL RURAL	2022	2.13
Telangana	WARANGAL RURAL	2022	2.38
Telangana	WARANGAL RURAL	2023	6.38
Telangana	WARANGAL RURAL	2023	3.91
Telangana	MAHBUBNAGAR	2023	7.8
Telangana	MEDAK	2021	22.53
Telangana	MEDAK	2021	20.54
Telangana	MEDAK	2021	19.59
Telangana	MEDAK	2022	20.73
Telangana	MEDAK	2022	20.61
Telangana	MEDAK	2022	18.03
Telangana	MEDAK	2022	16.19
Telangana	MEDAK	2023	16.67
Telangana	MEDAK	2023	17.99
Telangana	MEDAK	2023	15.1
Telangana	SANGA REDDY	2023	16.67
Telangana	NIZAMABAD	2022	6.21
Telangana	NIZAMABAD	2022	5.4
Telangana	NIZAMABAD	2023	9.21
Telangana	NIZAMABAD	2023	7.68
Telangana	NIZAMABAD	2022	5.89
Telangana	NIZAMABAD	2022	5.35
Telangana	NIZAMABAD	2023	8.95
Telangana	NIZAMABAD	2023	7.59
Telangana	RANGA REDDY	2021	31.73
Telangana	MAHBUBNAGAR	2021	2.37
Telangana	MAHBUBNAGAR	2021	2.86
Telangana	MAHBUBNAGAR	2021	2.27
Telangana	MAHBUBNAGAR	2022	3.65
Telangana	MAHBUBNAGAR	2022	2.7
Telangana	MAHBUBNAGAR	2022	1.42
Telangana	MAHBUBNAGAR	2023	2.57
Telangana	MAHBUBNAGAR	2023	5.93
Telangana	NAGARKURNOOL	2023	2.57
Telangana	NAGARKURNOOL	2023	2.67
Telangana	NAGARKURNOOL	2023	0.71
Telangana	MAHBUBNAGAR	2021	1.96
Telangana	MAHBUBNAGAR	2021	1.3
Telangana	MAHBUBNAGAR	2021	1.85
Telangana	MAHBUBNAGAR	2022	2.19
Telangana	MAHBUBNAGAR	2022	3.5
Telangana	MAHBUBNAGAR	2022	0.38
Telangana	MAHBUBNAGAR	2022	1.08
Telangana	MAHBUBNAGAR	2023	0.83
Telangana	KARIMNAGAR	2021	1.92
Telangana	KARIMNAGAR	2021	1.25
Telangana	KARIMNAGAR	2021	1.92
Telangana	KARIMNAGAR	2022	2.1
Telangana	KARIMNAGAR	2022	1.33
Telangana	KARIMNAGAR	2022	1
Telangana	KARIMNAGAR	2022	1.91
Telangana	KARIMNAGAR	2023	3.08
Telangana	KARIMNAGAR	2023	4.92
Telangana	KARIMNAGAR	2023	0.8
Telangana	KARIMNAGAR	2021	1.75
Telangana	KARIMNAGAR	2021	0.44
Telangana	KARIMNAGAR	2021	0.95
Telangana	KARIMNAGAR	2022	1.56
Telangana	KARIMNAGAR	2022	1.81
Telangana	KARIMNAGAR	2022	2.01
Telangana	KARIMNAGAR	2022	0.9
Telangana	KARIMNAGAR	2023	2.54
Telangana	KARIMNAGAR	2023	2.65
Telangana	KARIMNAGAR	2023	2.54
Telangana	WARANGAL URBAN	2021	9.64
Telangana	WARANGAL URBAN	2021	9.42
Telangana	WARANGAL URBAN	2021	6.51
Telangana	WARANGAL URBAN	2022	7.85
Telangana	WARANGAL URBAN	2022	3.86
Telangana	WARANGAL URBAN	2022	6.11
Telangana	WARANGAL URBAN	2022	5.92
Telangana	WARANGAL URBAN	2023	10.53
Telangana	WARANGAL URBAN	2023	13.21
Telangana	JANGAON	2023	10.53
Telangana	WARANGAL URBAN	2021	3.63
Telangana	WARANGAL URBAN	2021	3.87
Telangana	WARANGAL URBAN	2021	2.82
Telangana	WARANGAL URBAN	2022	3.44
Telangana	WARANGAL URBAN	2022	3.86
Telangana	WARANGAL URBAN	2022	2.63
Telangana	WARANGAL URBAN	2022	6.85
Telangana	WARANGAL URBAN	2023	4.11
Telangana	WARANGAL URBAN	2023	13.5
Telangana	WARANGAL RURAL	2022	6.93
Telangana	WARANGAL RURAL	2022	11.14
Telangana	WARANGAL RURAL	2022	0.32
Telangana	WARANGAL RURAL	2022	1.86
Telangana	WARANGAL RURAL	2023	8.35
Telangana	WARANGAL RURAL	2023	1.91
Telangana	MAHBUBNAGAR	2021	3.21
Telangana	MAHBUBNAGAR	2022	4.09
Telangana	MAHBUBNAGAR	2022	6.66
Telangana	MAHBUBNAGAR	2022	2.81
Telangana	MAHBUBNAGAR	2022	6.6
Telangana	KHAMMAM	2022	3.71
Telangana	KHAMMAM	2022	1.93
Telangana	KHAMMAM	2022	2.02
Telangana	KHAMMAM	2023	5.78
Telangana	KHAMMAM	2023	2.8
Telangana	WARANGAL RURAL	2022	0.5
Telangana	WARANGAL RURAL	2022	1.96
Telangana	WARANGAL RURAL	2023	8.47
Telangana	WARANGAL RURAL	2023	1.92
Telangana	WARANGAL RURAL	2021	4.58
Telangana	WARANGAL RURAL	2021	5.35
Telangana	WARANGAL RURAL	2021	5.33
Telangana	WARANGAL RURAL	2022	4.76
Telangana	WARANGAL RURAL	2022	15.45
Telangana	WARANGAL RURAL	2022	3.76
Telangana	WARANGAL RURAL	2022	5.45
Telangana	WARANGAL RURAL	2023	6.83
Telangana	WARANGAL RURAL	2023	13.7
Telangana	WARANGAL RURAL	2023	3.86
Telangana	NALGONDA	2022	4.8
Telangana	NALGONDA	2022	5.53
Telangana	MEDAK	2021	8.16
Telangana	MEDAK	2022	9.44
Telangana	MEDAK	2022	13
Telangana	MEDAK	2022	10.71
Telangana	MEDAK	2023	14.52
Telangana	MEDAK	2023	13.09
Telangana	KARIMNAGAR	2023	2.23
Telangana	KARIMNAGAR	2023	2.29
Telangana	KARIMNAGAR	2021	1.22
Telangana	KARIMNAGAR	2021	0.74
Telangana	KARIMNAGAR	2021	2.12
Telangana	KARIMNAGAR	2022	5.26
Telangana	KARIMNAGAR	2022	4.38
Telangana	KARIMNAGAR	2022	1.59
Telangana	KARIMNAGAR	2022	1.7
Telangana	KARIMNAGAR	2023	4.08
Telangana	RAJANNA SIRCILLA	2023	4.7
Telangana	WARANGAL RURAL	2021	7.15
Telangana	WARANGAL RURAL	2021	6.7
Telangana	WARANGAL RURAL	2021	2.26
Telangana	WARANGAL RURAL	2022	3.41
Telangana	WARANGAL RURAL	2022	13.07
Telangana	WARANGAL RURAL	2022	1.29
Telangana	WARANGAL RURAL	2022	0.92
Telangana	WARANGAL RURAL	2023	12.52
Telangana	RANGA REDDY	2022	4.3
Telangana	RANGA REDDY	2022	4.38
Telangana	RANGA REDDY	2023	5.47
Telangana	RANGA REDDY	2023	4.94
Telangana	KARIMNAGAR	2022	0.87
Telangana	KARIMNAGAR	2022	1.9
Telangana	KARIMNAGAR	2022	0.86
Telangana	KARIMNAGAR	2023	3.92
Telangana	KARIMNAGAR	2023	2.08
Telangana	KARIMNAGAR	2021	1.26
Telangana	KARIMNAGAR	2022	2.26
Telangana	KARIMNAGAR	2022	6
Telangana	KARIMNAGAR	2022	1.11
Telangana	KARIMNAGAR	2022	1.45
Telangana	KARIMNAGAR	2023	3.71
Telangana	KARIMNAGAR	2023	1.88
Telangana	NALGONDA	2022	2.85
Telangana	NALGONDA	2022	2.55
Telangana	NALGONDA	2023	3.74
Telangana	NALGONDA	2023	4.17
Telangana	KHAMMAM	2022	4.36
Telangana	KHAMMAM	2022	0.97
Telangana	KHAMMAM	2022	1.84
Telangana	KHAMMAM	2023	4.92
Telangana	KHAMMAM	2023	2.87
Telangana	WARANGAL RURAL	2022	1.03
Telangana	WARANGAL RURAL	2022	0.4
Telangana	WARANGAL RURAL	2023	6.23
Telangana	MAHBUBNAGAR	2022	4.66
Telangana	MAHBUBNAGAR	2022	5.02
Telangana	MAHBUBNAGAR	2023	10.28
Telangana	MAHBUBNAGAR	2023	6.65
Telangana	KHAMMAM	2021	0.8
Telangana	KHAMMAM	2021	0.38
Telangana	KHAMMAM	2021	0.98
Telangana	KHAMMAM	2022	0.78
Telangana	KHAMMAM	2022	1.26
Telangana	KHAMMAM	2022	0.41
Telangana	KHAMMAM	2022	0.52
Telangana	KHAMMAM	2023	1.46
Telangana	KHAMMAM	2023	1.55
Telangana	KHAMMAM	2023	1.39
Telangana	MAHBUBNAGAR	2021	4.6
Telangana	MAHBUBNAGAR	2021	1.3
Telangana	MAHBUBNAGAR	2021	2.1
Telangana	MAHBUBNAGAR	2022	3.92
Telangana	MAHBUBNAGAR	2022	7
Telangana	MAHBUBNAGAR	2022	1.92
Telangana	MAHBUBNAGAR	2022	4.57
Telangana	NALGONDA	2021	14.12
Telangana	NALGONDA	2021	1.05
Telangana	NALGONDA	2021	5.62
Telangana	NALGONDA	2022	7.44
Telangana	NALGONDA	2022	13.31
Telangana	NALGONDA	2022	2.27
Telangana	NALGONDA	2022	3.36
Telangana	NALGONDA	2023	8.46
Telangana	NALGONDA	2023	1.98
Telangana	RANGA REDDY	2021	2.64
Telangana	RANGA REDDY	2021	2.52
Telangana	RANGA REDDY	2021	1.65
Telangana	RANGA REDDY	2022	3.98
Telangana	RANGA REDDY	2022	4.64
Telangana	RANGA REDDY	2022	1.52
Telangana	RANGA REDDY	2022	2.12
Telangana	RANGA REDDY	2023	4.12
Telangana	RANGA REDDY	2023	2.42
Telangana	WARANGAL RURAL	2021	0.65
Telangana	WARANGAL RURAL	2021	1.32
Telangana	WARANGAL RURAL	2021	0.35
Telangana	WARANGAL RURAL	2022	0.35
Telangana	WARANGAL RURAL	2022	0.72
Telangana	WARANGAL RURAL	2022	-0.19
Telangana	WARANGAL RURAL	2023	1.18
Telangana	WARANGAL RURAL	2023	1.7
Telangana	WARANGAL RURAL	2023	0.28
Telangana	KHAMMAM	2021	9.68
Telangana	KHAMMAM	2021	10.04
Telangana	KHAMMAM	2021	1.12
Telangana	KHAMMAM	2022	1.91
Telangana	KHAMMAM	2022	5.05
Telangana	KHAMMAM	2022	2.25
Telangana	KHAMMAM	2022	1.32
Telangana	KHAMMAM	2023	4.19
Telangana	KHAMMAM	2023	5.14
Telangana	BHADRADRI	2023	4.19
Telangana	KHAMMAM	2021	1.7
Telangana	KHAMMAM	2021	2.99
Telangana	KHAMMAM	2021	1.1
Telangana	KHAMMAM	2022	2.08
Telangana	KHAMMAM	2022	4.37
Telangana	KHAMMAM	2022	1.27
Telangana	KHAMMAM	2022	1.32
Telangana	KHAMMAM	2023	2.88
Telangana	KHAMMAM	2023	5.15
Telangana	BHADRADRI	2023	2.88
Telangana	KHAMMAM	2021	1.8
Telangana	KHAMMAM	2021	2.9
Telangana	KHAMMAM	2021	7.24
Telangana	KHAMMAM	2022	3.85
Telangana	KHAMMAM	2022	4.36
Telangana	KHAMMAM	2022	1.24
Telangana	KHAMMAM	2022	2.79
Telangana	KHAMMAM	2023	2.97
Telangana	KHAMMAM	2023	9.05
Telangana	KARIMNAGAR	2021	7.55
Telangana	KARIMNAGAR	2021	8.05
Telangana	KARIMNAGAR	2021	22.13
Telangana	KARIMNAGAR	2022	8.52
Telangana	KARIMNAGAR	2022	15.2
Telangana	KARIMNAGAR	2022	10.26
Telangana	KARIMNAGAR	2023	27.2
Telangana	KARIMNAGAR	2023	6.28
Telangana	JOGULAMBA(GADWAL)	2023	4.44
Telangana	JOGULAMBA(GADWAL)	2023	4.87
Telangana	MAHBUBNAGAR	2021	2.05
Telangana	MAHBUBNAGAR	2022	3.76
Telangana	MAHBUBNAGAR	2022	5.13
Telangana	MAHBUBNAGAR	2022	3.46
Telangana	MAHBUBNAGAR	2022	2.65
Telangana	MAHBUBNAGAR	2023	6.31
Telangana	MAHBUBNAGAR	2023	2.96
Telangana	KARIMNAGAR	2021	3.3
Telangana	KARIMNAGAR	2021	0.5
Telangana	KARIMNAGAR	2021	0.19
Telangana	KARIMNAGAR	2022	2.1
Telangana	KARIMNAGAR	2022	0.39
Telangana	KARIMNAGAR	2022	2.72
Telangana	KARIMNAGAR	2023	11.8
Telangana	KARIMNAGAR	2023	2.87
Telangana	WARANGAL RURAL	2021	2.25
Telangana	WARANGAL RURAL	2021	3.28
Telangana	WARANGAL RURAL	2021	3.42
Telangana	WARANGAL RURAL	2022	4.7
Telangana	WARANGAL RURAL	2022	7.4
Telangana	WARANGAL RURAL	2022	4.74
Telangana	WARANGAL RURAL	2022	4.03
Telangana	WARANGAL RURAL	2023	5.91
Telangana	WARANGAL RURAL	2023	8.88
Telangana	KARIMNAGAR	2023	4.3
Telangana	KARIMNAGAR	2023	1.9
Telangana	JANGAON	2023	5.91
Telangana	KARIMNAGAR	2021	3.63
Telangana	KARIMNAGAR	2021	4.9
Telangana	KARIMNAGAR	2021	3.68
Telangana	KARIMNAGAR	2022	4.17
Telangana	KARIMNAGAR	2022	6.98
Telangana	KARIMNAGAR	2022	1.08
Telangana	KARIMNAGAR	2022	1.98
Telangana	KARIMNAGAR	2023	6.39
Telangana	KARIMNAGAR	2023	2.24
Telangana	KARIMNAGAR	2023	7.38
Telangana	KARIMNAGAR	2021	4.43
Telangana	KARIMNAGAR	2021	2.1
Telangana	KARIMNAGAR	2021	3.89
Telangana	KARIMNAGAR	2022	4.2
Telangana	KARIMNAGAR	2022	4.08
Telangana	KARIMNAGAR	2022	1.51
Telangana	KARIMNAGAR	2022	3.14
Telangana	KARIMNAGAR	2023	4.59
Telangana	ADILABAD	2022	26.9
Telangana	ADILABAD	2022	14.03
Telangana	ADILABAD	2022	6.99
Telangana	ADILABAD	2022	17.8
Telangana	ADILABAD	2023	43.5
Telangana	ADILABAD	2023	9.93
Telangana	KARIMNAGAR	2023	3.58
Telangana	KARIMNAGAR	2023	5.65
Telangana	KARIMNAGAR	2023	2.6
Telangana	MAHBUBNAGAR	2023	9.38
Telangana	MAHBUBNAGAR	2021	4.36
Telangana	MAHBUBNAGAR	2021	4.44
Telangana	MAHBUBNAGAR	2021	2.73
Telangana	MAHBUBNAGAR	2022	4.45
Telangana	MAHBUBNAGAR	2022	10.22
Telangana	MAHBUBNAGAR	2022	5.1
Telangana	MAHBUBNAGAR	2022	2.54
Telangana	MAHBUBNAGAR	2023	11.77
Telangana	RANGA REDDY	2023	2.21
Telangana	MAHBUBNAGAR	2021	2.61
Telangana	MAHBUBNAGAR	2021	3.93
Telangana	MAHBUBNAGAR	2022	6.08
Telangana	MAHBUBNAGAR	2022	9.4
Telangana	MAHBUBNAGAR	2022	4.18
Telangana	MAHBUBNAGAR	2022	9.69
Telangana	RANGA REDDY	2023	6.36
Telangana	RANGA REDDY	2023	3.32
Telangana	RANGA REDDY	2023	6.23
Telangana	HYDERABAD	2023	5.99
Telangana	HYDERABAD	2021	4.15
Telangana	HYDERABAD	2021	4.01
Telangana	HYDERABAD	2021	4.1
Telangana	HYDERABAD	2022	4.8
Telangana	HYDERABAD	2022	5.48
Telangana	HYDERABAD	2022	4.17
Telangana	HYDERABAD	2022	3.98
Telangana	HYDERABAD	2023	6.25
Telangana	HYDERABAD	2023	4.86
Telangana	KHAMMAM	2021	3.52
Telangana	KHAMMAM	2021	1.73
Telangana	KHAMMAM	2021	2.5
Telangana	KHAMMAM	2022	3.36
Telangana	KHAMMAM	2022	7.19
Telangana	KHAMMAM	2022	2.11
Telangana	KHAMMAM	2022	2.79
Telangana	KHAMMAM	2023	6.39
Telangana	KHAMMAM	2023	9.2
Telangana	KHAMMAM	2023	3.4
Telangana	RANGA REDDY	2022	6.66
Telangana	RANGA REDDY	2022	2.73
Telangana	RANGA REDDY	2022	1.55
Telangana	RANGA REDDY	2023	6.31
Telangana	RANGA REDDY	2023	6.35
Telangana	KHAMMAM	2022	1.23
Telangana	KHAMMAM	2022	0.46
Telangana	KHAMMAM	2022	0.55
Telangana	KHAMMAM	2023	1.57
Telangana	NALGONDA	2023	4.15
Telangana	NALGONDA	2023	3.91
Telangana	NALGONDA	2023	5.02
Telangana	NALGONDA	2021	3.01
Telangana	NALGONDA	2021	3.6
Telangana	NALGONDA	2021	2.63
Telangana	NALGONDA	2022	2.96
Telangana	NALGONDA	2022	3.73
Telangana	NALGONDA	2022	1.67
Telangana	NALGONDA	2022	2
Telangana	KHAMMAM	2021	3.2
Telangana	KHAMMAM	2021	3.93
Telangana	KHAMMAM	2021	3.73
Telangana	KHAMMAM	2022	4.54
Telangana	KHAMMAM	2022	8.92
Telangana	KHAMMAM	2022	0.56
Telangana	KHAMMAM	2023	8.82
Telangana	KHAMMAM	2023	4.24
Telangana	MEDAK	2021	14.27
Telangana	MEDAK	2021	16.1
Telangana	MEDAK	2021	9.02
Telangana	MEDAK	2022	9.46
Telangana	MEDAK	2022	18
Telangana	MEDAK	2022	14.81
Telangana	MEDAK	2022	10.76
Telangana	MEDAK	2023	12.02
Telangana	MEDAK	2023	17.68
Telangana	MEDAK	2023	12.12
Telangana	VIKARABAD	2023	6.48
Telangana	RANGA REDDY	2021	5.24
Telangana	RANGA REDDY	2021	3.02
Telangana	RANGA REDDY	2021	2.91
Telangana	RANGA REDDY	2022	6.22
Telangana	RANGA REDDY	2022	7.78
Telangana	RANGA REDDY	2022	0.9
Telangana	RANGA REDDY	2022	2.6
Telangana	RANGA REDDY	2023	6.48
Telangana	RANGA REDDY	2023	4.2
Telangana	ADILABAD	2023	13.09
Telangana	ADILABAD	2021	9.04
Telangana	ADILABAD	2021	6.66
Telangana	ADILABAD	2021	5.85
Telangana	ADILABAD	2022	8.19
Telangana	ADILABAD	2022	12.59
Telangana	ADILABAD	2023	6.72
Telangana	ADILABAD	2023	9.12
Telangana	NALGONDA	2023	2.82
Telangana	NALGONDA	2023	2.99
Telangana	NALGONDA	2023	4.1
Telangana	NALGONDA	2021	4.35
Telangana	NALGONDA	2021	4.4
Telangana	NALGONDA	2021	5.27
Telangana	NALGONDA	2022	2.2
Telangana	NALGONDA	2022	3.37
Telangana	NALGONDA	2022	2.16
Telangana	NALGONDA	2022	1.47
Telangana	NALGONDA	2023	2.82
Telangana	RANGA REDDY	2021	4.69
Telangana	RANGA REDDY	2021	6.45
Telangana	RANGA REDDY	2021	5
Telangana	RANGA REDDY	2022	4.24
Telangana	RANGA REDDY	2022	8.65
Telangana	RANGA REDDY	2022	5.2
Telangana	RANGA REDDY	2022	3.9
Telangana	RANGA REDDY	2023	5.12
Telangana	RANGA REDDY	2023	9.13
Telangana	RANGA REDDY	2023	0.61
Telangana	HYDERABAD	2023	7.29
Telangana	HYDERABAD	2023	7.46
Telangana	HYDERABAD	2023	5.53
Telangana	WARANGAL RURAL	2021	1.12
Telangana	WARANGAL RURAL	2021	0.6
Telangana	WARANGAL RURAL	2021	0.68
Telangana	WARANGAL RURAL	2022	0.79
Telangana	WARANGAL RURAL	2022	1.23
Telangana	WARANGAL RURAL	2022	2.23
Telangana	WARANGAL RURAL	2022	0.6
Telangana	WARANGAL RURAL	2023	1.3
Telangana	WARANGAL RURAL	2023	0.11
Telangana	WARANGAL RURAL	2023	1.31
Telangana	NIZAMABAD	2023	17.33
Telangana	NIZAMABAD	2023	13.14
Telangana	NIZAMABAD	2022	16.86
Telangana	NIZAMABAD	2023	15.59
Telangana	NIZAMABAD	2021	7.88
Telangana	NIZAMABAD	2022	16.86
Telangana	NIZAMABAD	2022	13.65
Telangana	NIZAMABAD	2022	10.45
Telangana	NIZAMABAD	2022	9.26
Telangana	WARANGAL RURAL	2021	1.95
Telangana	WARANGAL RURAL	2021	1.14
Telangana	WARANGAL RURAL	2021	1.3
Telangana	WARANGAL RURAL	2022	2.12
Telangana	WARANGAL RURAL	2022	7.37
Telangana	WARANGAL RURAL	2022	0.47
Telangana	WARANGAL RURAL	2022	1.05
Telangana	WARANGAL RURAL	2023	2.11
Telangana	WARANGAL RURAL	2023	3.01
Telangana	WARANGAL RURAL	2023	0.33
Telangana	MULUGU	2023	2.11
Telangana	KHAMMAM	2021	5.3
Telangana	KHAMMAM	2021	5.64
Telangana	KHAMMAM	2021	4.4
Telangana	KHAMMAM	2022	5.51
Telangana	KHAMMAM	2022	9.48
Telangana	KHAMMAM	2022	3.15
Telangana	KHAMMAM	2023	9.2
Telangana	KARIMNAGAR	2023	7.78
Telangana	RANGA REDDY	2021	4.5
Telangana	RANGA REDDY	2021	4.2
Telangana	RANGA REDDY	2021	2.82
Telangana	RANGA REDDY	2022	4.96
Telangana	RANGA REDDY	2022	8.2
Telangana	RANGA REDDY	2022	5.18
Telangana	RANGA REDDY	2022	4.15
Telangana	RANGA REDDY	2023	6.73
Telangana	RANGA REDDY	2023	8
Telangana	RANGA REDDY	2023	5.97
Telangana	MEDCHAL	2023	6.73
Telangana	MEDCHAL	2023	8.6
Telangana	HYDERABAD	2023	8.87
Telangana	HYDERABAD	2023	13.48
Telangana	HYDERABAD	2023	9.48
Telangana	ADILABAD	2022	3.4
Telangana	ADILABAD	2022	3.9
Telangana	ADILABAD	2023	5.33
Telangana	ADILABAD	2023	2.52
Telangana	ADILABAD	2022	3.21
Telangana	ADILABAD	2022	3.95
Telangana	ADILABAD	2023	5.12
Telangana	ADILABAD	2023	2.51
Telangana	RANGA REDDY	2022	6.94
Telangana	RANGA REDDY	2022	5.6
Telangana	RANGA REDDY	2023	46.86
Telangana	RANGA REDDY	2023	8.56
Telangana	KARIMNAGAR	2021	8.78
Telangana	KARIMNAGAR	2021	5.82
Telangana	KARIMNAGAR	2021	5.65
Telangana	KARIMNAGAR	2022	7.77
Telangana	KARIMNAGAR	2022	9.35
Telangana	KARIMNAGAR	2022	1.85
Telangana	KARIMNAGAR	2022	5.13
Telangana	KARIMNAGAR	2023	7.14
Telangana	SANGA REDDY	2023	3.7
Telangana	MEDAK	2021	4.06
Telangana	MEDAK	2021	2.9
Telangana	MEDAK	2021	2.23
Telangana	MEDAK	2022	2.49
Telangana	MEDAK	2022	7.9
Telangana	MEDAK	2022	2.47
Telangana	MEDAK	2022	1.62
Telangana	MEDAK	2023	3.7
Telangana	MEDAK	2023	6.19
Telangana	MEDAK	2023	2.07
Telangana	NALGONDA	2023	9.5
Telangana	NAGARKURNOOL	2023	26.45
Telangana	NAGARKURNOOL	2023	24.8
Telangana	NAGARKURNOOL	2023	9.27
Telangana	MAHBUBNAGAR	2021	11.36
Telangana	MAHBUBNAGAR	2021	19.3
Telangana	MAHBUBNAGAR	2021	23.62
Telangana	MAHBUBNAGAR	2022	30.03
Telangana	MAHBUBNAGAR	2022	33.9
Telangana	MAHBUBNAGAR	2022	18.2
Telangana	MAHBUBNAGAR	2022	20.81
Telangana	MAHBUBNAGAR	2023	26.45
Telangana	MEDAK	2021	7.7
Telangana	MEDAK	2021	5.11
Telangana	MEDAK	2021	5.38
Telangana	MEDAK	2022	5.96
Telangana	MEDAK	2022	7.97
Telangana	MEDAK	2022	5
Telangana	MEDAK	2022	4.86
Telangana	MEDAK	2023	7.16
Telangana	MEDAK	2023	5.6
Telangana	SANGA REDDY	2023	7.16
Telangana	RANGA REDDY	2021	6
Telangana	RANGA REDDY	2021	5.42
Telangana	RANGA REDDY	2021	5.25
Telangana	RANGA REDDY	2022	8.2
Telangana	RANGA REDDY	2022	7.32
Telangana	RANGA REDDY	2022	5.95
Telangana	RANGA REDDY	2023	8.02
Telangana	RANGA REDDY	2023	9.35
Telangana	NIZAMABAD	2021	5.31
Telangana	NIZAMABAD	2021	3.67
Telangana	NIZAMABAD	2021	3.32
Telangana	NIZAMABAD	2022	4.79
Telangana	NIZAMABAD	2022	7.43
Telangana	NIZAMABAD	2022	1.35
Telangana	NIZAMABAD	2022	2.46
Telangana	NIZAMABAD	2023	5.71
Telangana	NIZAMABAD	2023	7.24
Telangana	NIZAMABAD	2023	3.34
Telangana	NALGONDA	2021	4.88
Telangana	NALGONDA	2021	5.69
Telangana	NALGONDA	2022	4.8
Telangana	NALGONDA	2022	4.65
Telangana	RANGA REDDY	2023	3.73
Telangana	MAHBUBNAGAR	2022	3.39
Telangana	MAHBUBNAGAR	2022	5.09
Telangana	MAHBUBNAGAR	2022	2.52
Telangana	MAHBUBNAGAR	2022	3.83
Telangana	MAHBUBNAGAR	2023	5.52
Telangana	ADILABAD	2022	4.04
Telangana	ADILABAD	2022	8.21
Telangana	ADILABAD	2022	2.63
Telangana	ADILABAD	2022	4
Telangana	ADILABAD	2023	8.14
Telangana	ADILABAD	2023	6.18
Telangana	KARIMNAGAR	2023	6.14
Telangana	KARIMNAGAR	2021	2.81
Telangana	KARIMNAGAR	2021	1.59
Telangana	KARIMNAGAR	2022	2.94
Telangana	KARIMNAGAR	2022	3.78
Telangana	KARIMNAGAR	2022	7.17
Telangana	KARIMNAGAR	2022	1.52
Telangana	ADILABAD	2022	5.36
Telangana	ADILABAD	2022	9.8
Telangana	ADILABAD	2022	2.67
Telangana	ADILABAD	2022	2.67
Telangana	ADILABAD	2023	10.75
Telangana	ADILABAD	2023	4.84
Telangana	RANGA REDDY	2022	2.42
Telangana	RANGA REDDY	2022	3.36
Telangana	RANGA REDDY	2022	4.45
Telangana	RANGA REDDY	2022	4.12
Telangana	RANGA REDDY	2023	7.3
Telangana	RANGA REDDY	2023	8.07
Telangana	MANCHERIAL	2023	7.53
Telangana	ADILABAD	2021	4.55
Telangana	ADILABAD	2021	1.93
Telangana	ADILABAD	2021	2.27
Telangana	ADILABAD	2022	3.88
Telangana	ADILABAD	2022	0.02
Telangana	ADILABAD	2022	1.75
Telangana	ADILABAD	2022	2.32
Telangana	ADILABAD	2023	4.71
Telangana	ADILABAD	2023	7.14
Telangana	ADILABAD	2023	3.42
Telangana	ADILABAD	2021	4.78
Telangana	ADILABAD	2022	8.55
Telangana	ADILABAD	2022	3.3
Telangana	ADILABAD	2022	4.37
Telangana	ADILABAD	2023	8.35
Telangana	ADILABAD	2023	4.36
Telangana	MEDAK	2021	23.54
Telangana	MEDAK	2021	15.88
Telangana	MEDAK	2021	44.87
Telangana	MEDAK	2022	9.75
Telangana	MEDAK	2022	16.63
Telangana	MEDAK	2022	16.55
Telangana	NIZAMABAD	2021	13.91
Telangana	KARIMNAGAR	2022	4.67
Telangana	KARIMNAGAR	2022	4.2
Telangana	KARIMNAGAR	2023	6.07
Telangana	MAHBUBNAGAR	2021	8.1
Telangana	MAHBUBNAGAR	2021	6.48
Telangana	MAHBUBNAGAR	2021	8.84
Telangana	MAHBUBNAGAR	2022	6.62
Telangana	MAHBUBNAGAR	2022	11.7
Telangana	MAHBUBNAGAR	2022	6.8
Telangana	MAHBUBNAGAR	2022	3.53
Telangana	MAHBUBNAGAR	2023	11.42
Telangana	MAHBUBNAGAR	2021	5.42
Telangana	MAHBUBNAGAR	2021	5.79
Telangana	MAHBUBNAGAR	2021	6.55
Telangana	MAHBUBNAGAR	2022	5.7
Telangana	MAHBUBNAGAR	2022	9.13
Telangana	MAHBUBNAGAR	2022	4.08
Telangana	MAHBUBNAGAR	2022	3.16
Telangana	MAHBUBNAGAR	2023	5.85
Telangana	MAHBUBNAGAR	2023	5.08
Telangana	KHAMMAM	2023	2.02
Telangana	KHAMMAM	2023	4.24
Telangana	NALGONDA	2021	2.95
Telangana	NAGARKURNOOL	2023	5.85
Telangana	NAGARKURNOOL	2023	7.29
Telangana	KHAMMAM	2021	1.57
Telangana	KHAMMAM	2021	0.03
Telangana	KHAMMAM	2021	2.22
Telangana	KHAMMAM	2022	1.25
Telangana	KHAMMAM	2022	3.76
Telangana	KHAMMAM	2022	0.04
Telangana	KHAMMAM	2022	0.52
Telangana	KHAMMAM	2023	6.34
Telangana	KHAMMAM	2023	0.78
Telangana	KHAMMAM	2023	4.35
Telangana	WARANGAL RURAL	2023	4.45
Telangana	WARANGAL RURAL	2023	7.73
Telangana	WARANGAL RURAL	2023	3.53
Telangana	HANAMKONDA	2023	4.45
Telangana	KHAMMAM	2023	2.97
Telangana	KHAMMAM	2021	2.36
Telangana	KHAMMAM	2021	1.9
Telangana	KHAMMAM	2021	1.72
Telangana	KHAMMAM	2022	2.64
Telangana	KHAMMAM	2022	5.06
Telangana	KHAMMAM	2022	1.31
Telangana	KHAMMAM	2022	1.94
Telangana	KHAMMAM	2023	2.31
Telangana	NIZAMABAD	2021	32.1
Telangana	NIZAMABAD	2021	5.52
Telangana	NIZAMABAD	2021	4.55
Telangana	NALGONDA	2022	6.17
Telangana	NALGONDA	2022	5.56
Telangana	NALGONDA	2022	3.7
Telangana	NALGONDA	2023	6.13
Telangana	NALGONDA	2023	7.5
Telangana	NALGONDA	2021	3.86
Telangana	NALGONDA	2021	3.28
Telangana	NALGONDA	2021	2.2
Telangana	NALGONDA	2022	3.23
Telangana	NALGONDA	2022	6.02
Telangana	NALGONDA	2022	5.45
Telangana	NALGONDA	2022	2.35
Telangana	NALGONDA	2023	3.66
Telangana	NALGONDA	2023	5.5
Telangana	NALGONDA	2023	3.66
Telangana	NALGONDA	2023	7.7
Telangana	RANGA REDDY	2023	6.09
Telangana	RANGA REDDY	2023	11.42
Telangana	RANGA REDDY	2023	8.92
Telangana	KARIMNAGAR	2023	5.71
Telangana	KARIMNAGAR	2023	4.61
Telangana	WARANGAL RURAL	2021	1.45
Telangana	WARANGAL RURAL	2021	0.7
Telangana	WARANGAL RURAL	2021	1.22
Telangana	WARANGAL RURAL	2022	1.61
Telangana	WARANGAL RURAL	2022	3.3
Telangana	WARANGAL RURAL	2022	0.5
Telangana	WARANGAL RURAL	2023	3.32
Telangana	WARANGAL RURAL	2023	3.8
Telangana	WARANGAL RURAL	2023	0.73
Telangana	MAHBUBNAGAR	2023	9.2
Telangana	MAHBUBNAGAR	2023	13.13
Telangana	KARIMNAGAR	2021	9.73
Telangana	KARIMNAGAR	2021	10.56
Telangana	KARIMNAGAR	2021	10.2
Telangana	KARIMNAGAR	2022	10.7
Telangana	KARIMNAGAR	2022	14.44
Telangana	KARIMNAGAR	2022	8.03
Telangana	KARIMNAGAR	2022	8.38
Telangana	KARIMNAGAR	2023	12.73
Telangana	KARIMNAGAR	2023	8.8
Telangana	JAYASHANKAR BHUPALAPALLY	2023	9.79
Telangana	MAHBUBNAGAR	2022	0.45
Telangana	MAHBUBNAGAR	2022	0.62
Telangana	MAHBUBNAGAR	2023	1.29
Telangana	MAHBUBNAGAR	2022	1.07
Telangana	MAHBUBNAGAR	2022	1.11
Telangana	MAHBUBNAGAR	2023	0.45
Telangana	MAHBUBNAGAR	2021	7.22
Telangana	MAHBUBNAGAR	2021	7.57
Telangana	MAHBUBNAGAR	2021	7.02
Telangana	MAHBUBNAGAR	2022	8.35
Telangana	MAHBUBNAGAR	2022	12.8
Telangana	MAHBUBNAGAR	2022	10.3
Telangana	MAHBUBNAGAR	2022	6.58
Telangana	MAHBUBNAGAR	2023	9.2
Telangana	RANGA REDDY	2022	6.07
Telangana	RANGA REDDY	2022	5.75
Telangana	RANGA REDDY	2021	9.3
Telangana	RANGA REDDY	2021	7.35
Telangana	RANGA REDDY	2022	12.2
Telangana	RANGA REDDY	2022	7.85
Telangana	RANGA REDDY	2022	8.74
Telangana	RANGA REDDY	2023	10.56
Telangana	RANGA REDDY	2023	12.89
Telangana	RANGA REDDY	2023	10.93
Telangana	RANGA REDDY	2023	10.56
Telangana	MAHBUBNAGAR	2021	1.83
Telangana	MAHBUBNAGAR	2021	1.47
Telangana	MAHBUBNAGAR	2021	1.32
Telangana	MAHBUBNAGAR	2022	2.42
Telangana	MAHBUBNAGAR	2022	6.03
Telangana	MAHBUBNAGAR	2022	2.58
Telangana	MAHBUBNAGAR	2022	1.12
Telangana	MAHBUBNAGAR	2023	3.47
Telangana	MAHBUBNAGAR	2023	5.23
Telangana	MAHBUBNAGAR	2023	2.47
Telangana	HYDERABAD	2021	2.69
Telangana	HYDERABAD	2021	2.6
Telangana	HYDERABAD	2021	1.94
Telangana	HYDERABAD	2022	3.3
Telangana	HYDERABAD	2022	3.25
Telangana	HYDERABAD	2022	2.55
Telangana	HYDERABAD	2022	2.45
Telangana	HYDERABAD	2023	3.05
Telangana	HYDERABAD	2023	2.9
Telangana	HYDERABAD	2023	2.8
Telangana	MEDAK	2021	21.04
Telangana	MEDAK	2021	14.86
Telangana	MEDAK	2021	18.26
Telangana	MEDAK	2022	18.36
Telangana	MEDAK	2022	26.97
Telangana	MEDAK	2022	15
Telangana	MEDAK	2022	15.65
Telangana	MEDAK	2023	19.15
Telangana	MEDAK	2023	21.1
Telangana	MEDAK	2023	16.97
Telangana	ADILABAD	2021	3.08
Telangana	NALGONDA	2021	2.46
Telangana	NALGONDA	2021	1.4
Telangana	NALGONDA	2021	1.44
Telangana	NALGONDA	2022	2.85
Telangana	NALGONDA	2022	0.5
Telangana	NALGONDA	2022	1.25
Telangana	NALGONDA	2023	13.32
Telangana	NALGONDA	2023	2.34
Telangana	NALGONDA	2021	3.17
Telangana	NALGONDA	2021	6.39
Telangana	NALGONDA	2021	9.45
Telangana	NALGONDA	2022	10.35
Telangana	NALGONDA	2022	12.95
Telangana	NALGONDA	2022	2.88
Telangana	NALGONDA	2022	11.3
Telangana	NALGONDA	2023	9
Telangana	NALGONDA	2023	14.2
Telangana	MEDAK	2021	50
Telangana	MEDAK	2022	50
Telangana	MEDAK	2022	31.46
Telangana	MEDAK	2023	7.48
Telangana	NIZAMABAD	2021	7.33
Telangana	NIZAMABAD	2021	6.1
Telangana	NIZAMABAD	2021	5.59
Telangana	NIZAMABAD	2022	7.3
Telangana	NIZAMABAD	2022	9.68
Telangana	NIZAMABAD	2022	6.03
Telangana	NIZAMABAD	2022	5.3
Telangana	NIZAMABAD	2023	7.61
Telangana	NIZAMABAD	2023	5.45
Telangana	NIZAMABAD	2023	7.91
Telangana	KARIMNAGAR	2021	5.03
Telangana	KARIMNAGAR	2021	2.73
Telangana	KARIMNAGAR	2021	4.02
Telangana	KARIMNAGAR	2022	5.44
Telangana	KARIMNAGAR	2022	5.5
Telangana	KARIMNAGAR	2022	2.23
Telangana	KARIMNAGAR	2022	3.7
Telangana	KARIMNAGAR	2023	5.18
Telangana	KARIMNAGAR	2023	6.05
Telangana	KARIMNAGAR	2023	2.7
Telangana	KARIMNAGAR	2021	3.29
Telangana	KARIMNAGAR	2021	2.51
Telangana	KARIMNAGAR	2021	2.93
Telangana	KARIMNAGAR	2022	3.25
Telangana	KARIMNAGAR	2022	2.99
Telangana	KARIMNAGAR	2022	1.91
Telangana	KARIMNAGAR	2023	4.16
Telangana	KARIMNAGAR	2023	4.09
Telangana	KARIMNAGAR	2023	3.42
Telangana	JAGITYAL	2023	5.18
Telangana	JAGITYAL	2023	6.05
Telangana	KARIMNAGAR	2023	7.55
Telangana	KARIMNAGAR	2023	5.78
Telangana	KARIMNAGAR	2021	7.65
Telangana	KARIMNAGAR	2021	5.64
Telangana	KARIMNAGAR	2021	4.47
Telangana	KARIMNAGAR	2022	7.85
Telangana	KARIMNAGAR	2022	7.81
Telangana	KARIMNAGAR	2022	3.16
Telangana	KARIMNAGAR	2022	4.86
Telangana	KARIMNAGAR	2023	8.83
Telangana	KARIMNAGAR	2023	4.65
Telangana	NALGONDA	2023	8.65
Telangana	NALGONDA	2021	7.01
Telangana	NALGONDA	2021	5.78
Telangana	NALGONDA	2021	5.93
Telangana	NALGONDA	2022	6.7
Telangana	NALGONDA	2022	8.28
Telangana	NALGONDA	2022	4.76
Telangana	NALGONDA	2022	6.03
Telangana	NALGONDA	2023	0.58
Telangana	ADILABAD	2022	2.81
Telangana	ADILABAD	2022	10.9
Telangana	ADILABAD	2023	13.15
Telangana	ADILABAD	2023	9.52
Telangana	PEDDAPALLY	2023	7.55
Telangana	MEDAK	2021	7.02
Telangana	MEDAK	2021	0.97
Telangana	MEDAK	2021	6.23
Telangana	MEDAK	2022	6.77
Telangana	MEDAK	2022	10.09
Telangana	MEDAK	2022	7.68
Telangana	MEDAK	2022	4.59
Telangana	MEDAK	2023	7.16
Telangana	MEDAK	2023	9.05
Telangana	MEDAK	2023	3.93
Telangana	KARIMNAGAR	2022	2.31
Telangana	KARIMNAGAR	2022	0.71
Telangana	KARIMNAGAR	2023	2.31
Telangana	KARIMNAGAR	2023	1.07
Telangana	KARIMNAGAR	2022	2.33
Telangana	KARIMNAGAR	2022	0.27
Telangana	KARIMNAGAR	2023	2.1
Telangana	KARIMNAGAR	2023	0.43
Telangana	ADILABAD	2021	3.24
Telangana	ADILABAD	2021	1.69
Telangana	ADILABAD	2021	2.56
Telangana	ADILABAD	2022	3.28
Telangana	ADILABAD	2022	5.09
Telangana	ADILABAD	2022	2.18
Telangana	ADILABAD	2022	2.57
Telangana	MEDAK	2022	4.54
Telangana	MEDAK	2022	4.07
Telangana	MEDAK	2023	52
Telangana	MEDAK	2023	5.01
Telangana	MEDAK	2022	5.3
Telangana	MEDAK	2022	12.71
Telangana	MEDAK	2022	11.05
Telangana	MEDAK	2022	3.5
Telangana	MEDAK	2023	10.84
Telangana	MEDAK	2023	11.41
Telangana	NAGARKURNOOL	2023	11.55
Telangana	NAGARKURNOOL	2023	10.88
Telangana	NAGARKURNOOL	2023	12.59
Telangana	MAHBUBNAGAR	2021	3.35
Telangana	MAHBUBNAGAR	2021	3.65
Telangana	MAHBUBNAGAR	2021	3.05
Telangana	MAHBUBNAGAR	2022	3.31
Telangana	MAHBUBNAGAR	2022	13.43
Telangana	MAHBUBNAGAR	2022	13.7
Telangana	MAHBUBNAGAR	2022	4.82
Telangana	MAHBUBNAGAR	2023	11.55
Telangana	RAJANNA SIRCILLA	2023	17.46
Telangana	RANGA REDDY	2021	5.6
Telangana	RANGA REDDY	2021	6.83
Telangana	RANGA REDDY	2021	2.85
Telangana	RANGA REDDY	2022	4.2
Telangana	RANGA REDDY	2022	6.07
Telangana	RANGA REDDY	2022	4.4
Telangana	RANGA REDDY	2022	3.14
Telangana	RANGA REDDY	2023	5.13
Telangana	RANGA REDDY	2023	7.54
Telangana	RANGA REDDY	2023	5.74
Telangana	RANGA REDDY	2022	1.73
Telangana	RANGA REDDY	2022	5.12
Telangana	RANGA REDDY	2022	3.3
Telangana	RANGA REDDY	2022	1.35
Telangana	RANGA REDDY	2023	6.53
Telangana	RANGA REDDY	2023	7.79
Telangana	ADILABAD	2021	0.72
Telangana	ADILABAD	2021	2.23
Telangana	ADILABAD	2021	0.97
Telangana	ADILABAD	2022	1.99
Telangana	ADILABAD	2022	4.13
Telangana	ADILABAD	2022	1.56
Telangana	ADILABAD	2022	1.9
Telangana	ADILABAD	2023	2.64
Telangana	ADILABAD	2023	4.51
Telangana	ADILABAD	2023	1.34
Telangana	MANCHERIAL	2023	2.64
Telangana	ADILABAD	2022	7.54
Telangana	ADILABAD	2022	7.6
Telangana	ADILABAD	2023	8.88
Telangana	ADILABAD	2023	8.42
Telangana	ADILABAD	2022	7.63
Telangana	ADILABAD	2022	7.1
Telangana	ADILABAD	2023	8.38
Telangana	ADILABAD	2023	7.92
Telangana	KHAMMAM	2022	45.37
Telangana	KHAMMAM	2022	43.92
Telangana	KHAMMAM	2023	48.36
Telangana	KHAMMAM	2023	45.21
Telangana	KHAMMAM	2022	46.18
Telangana	KHAMMAM	2022	44.7
Telangana	KHAMMAM	2023	48.82
Telangana	KHAMMAM	2023	47.35
Telangana	ADILABAD	2021	2.51
Telangana	ADILABAD	2021	1.51
Telangana	ADILABAD	2021	2.27
Telangana	ADILABAD	2022	4.85
Telangana	ADILABAD	2022	5.32
Telangana	ADILABAD	2022	2.42
Telangana	ADILABAD	2022	1.95
Telangana	ADILABAD	2023	8
Telangana	ADILABAD	2023	2.18
Telangana	ADILABAD	2023	6.78
Telangana	NAGARKURNOOL	2023	5.24
Telangana	NAGARKURNOOL	2023	5.81
Telangana	NAGARKURNOOL	2023	4.55
Telangana	MAHBUBNAGAR	2021	3.44
Telangana	MAHBUBNAGAR	2021	4.57
Telangana	MAHBUBNAGAR	2021	5.2
Telangana	MAHBUBNAGAR	2022	8.76
Telangana	MAHBUBNAGAR	2022	9.79
Telangana	MAHBUBNAGAR	2022	4.06
Telangana	MAHBUBNAGAR	2022	4.56
Telangana	MAHBUBNAGAR	2023	5.24
Telangana	WARANGAL RURAL	2021	3.1
Telangana	WARANGAL RURAL	2021	2.53
Telangana	WARANGAL RURAL	2022	2.88
Telangana	WARANGAL RURAL	2022	6.38
Telangana	WARANGAL RURAL	2022	2.02
Telangana	WARANGAL RURAL	2022	1.55
Telangana	WARANGAL RURAL	2023	4.14
Telangana	WARANGAL RURAL	2023	8.22
Telangana	WARANGAL RURAL	2021	2.52
Telangana	MULUGU	2023	2.36
Telangana	NALGONDA	2023	2.43
Telangana	NALGONDA	2023	4.31
Telangana	NALGONDA	2023	4.8
Telangana	NALGONDA	2021	2.6
Telangana	NALGONDA	2021	2.46
Telangana	NALGONDA	2021	1.9
Telangana	NALGONDA	2022	2.22
Telangana	NALGONDA	2022	3.73
Telangana	NALGONDA	2022	1.56
Telangana	NALGONDA	2022	2.24
Telangana	ADILABAD	2021	8.62
Telangana	ADILABAD	2021	2.77
Telangana	ADILABAD	2022	6.65
Telangana	ADILABAD	2022	14.09
Telangana	ADILABAD	2022	1.33
Telangana	ADILABAD	2022	2.02
Telangana	ADILABAD	2023	14.14
Telangana	ADILABAD	2023	2.84
Telangana	ADILABAD	2023	5.14
Telangana	MAHBUBNAGAR	2021	22.12
Telangana	MAHBUBNAGAR	2021	23.22
Telangana	MAHBUBNAGAR	2021	22.57
Telangana	MAHBUBNAGAR	2022	22.61
Telangana	MAHBUBNAGAR	2022	23.81
Telangana	MAHBUBNAGAR	2022	22.5
Telangana	MAHBUBNAGAR	2022	18.2
Telangana	MAHBUBNAGAR	2023	18.62
Telangana	NAGARKURNOOL	2023	18.62
Telangana	NAGARKURNOOL	2023	19.65
Telangana	NAGARKURNOOL	2023	19.81
Telangana	MEDAK	2021	5.56
Telangana	MEDAK	2021	2.04
Telangana	MEDAK	2021	2.76
Telangana	MEDAK	2022	5.7
Telangana	MEDAK	2022	10.76
Telangana	MEDAK	2022	2.99
Telangana	MEDAK	2022	0.98
Telangana	MEDAK	2023	4.81
Telangana	MEDAK	2023	8.52
Telangana	MEDAK	2023	3.13
Telangana	SANGA REDDY	2023	4.81
Telangana	VIKARABAD	2023	12.15
Telangana	RANGA REDDY	2023	12.15
Telangana	RANGA REDDY	2021	14.06
Telangana	RANGA REDDY	2021	12.63
Telangana	RANGA REDDY	2021	9.61
Telangana	RANGA REDDY	2022	12.67
Telangana	RANGA REDDY	2022	27.17
Telangana	RANGA REDDY	2022	8.15
Telangana	RANGA REDDY	2022	8.69
Telangana	RANGA REDDY	2023	10.76
Telangana	JAGITYAL	2023	7.18
Telangana	JAGITYAL	2023	10.82
Telangana	KARIMNAGAR	2021	7.01
Telangana	KARIMNAGAR	2021	5.13
Telangana	KARIMNAGAR	2021	3.62
Telangana	KARIMNAGAR	2022	5.31
Telangana	KARIMNAGAR	2022	5.51
Telangana	KARIMNAGAR	2022	2.92
Telangana	KARIMNAGAR	2022	2.2
Telangana	KARIMNAGAR	2023	7.18
Telangana	KARIMNAGAR	2023	10.82
Telangana	KARIMNAGAR	2023	4.96
Telangana	MEDAK	2023	9.94
Telangana	MEDAK	2023	13.44
Telangana	MEDAK	2023	10.08
Telangana	MEDAK	2023	6.39
Telangana	RANGA REDDY	2022	0.35
Telangana	RANGA REDDY	2022	3.34
Telangana	RANGA REDDY	2022	0.3
Telangana	RANGA REDDY	2022	0.2
Telangana	RANGA REDDY	2023	1.23
Telangana	RANGA REDDY	2023	2.26
Telangana	RANGA REDDY	2023	0.93
Telangana	PEDDAPALLY	2023	11.23
Telangana	PEDDAPALLY	2023	11.08
Telangana	KARIMNAGAR	2021	15.13
Telangana	KARIMNAGAR	2021	14.53
Telangana	KARIMNAGAR	2022	11.78
Telangana	KARIMNAGAR	2022	14.53
Telangana	KARIMNAGAR	2022	10.83
Telangana	KARIMNAGAR	2022	10.49
Telangana	KARIMNAGAR	2023	11.23
Telangana	KARIMNAGAR	2023	15.8
Telangana	KARIMNAGAR	2023	12.67
Telangana	KARIMNAGAR	2021	9.16
Telangana	KARIMNAGAR	2021	13.8
Telangana	KARIMNAGAR	2021	13.24
Telangana	KARIMNAGAR	2022	10.84
Telangana	KARIMNAGAR	2022	8.93
Telangana	KARIMNAGAR	2023	11.08
Telangana	KARIMNAGAR	2023	15.58
Telangana	KARIMNAGAR	2023	9.82
Telangana	KARIMNAGAR	2021	11.4
Telangana	KARIMNAGAR	2021	15.83
Telangana	KARIMNAGAR	2021	14.5
Telangana	KARIMNAGAR	2022	11.78
Telangana	KARIMNAGAR	2022	16.33
Telangana	KARIMNAGAR	2022	10.83
Telangana	KARIMNAGAR	2022	10.84
Telangana	KARIMNAGAR	2023	11.97
Telangana	KARIMNAGAR	2023	15.63
Telangana	KARIMNAGAR	2023	7.85
Telangana	PEDDAPALLY	2023	11.97
Telangana	KHAMMAM	2021	4.99
Telangana	KHAMMAM	2021	1.9
Telangana	KHAMMAM	2021	2.7
Telangana	KHAMMAM	2022	4.36
Telangana	KHAMMAM	2022	8.28
Telangana	KHAMMAM	2022	1.49
Telangana	KHAMMAM	2022	3.34
Telangana	KHAMMAM	2023	6.37
Telangana	KHAMMAM	2023	7.97
Telangana	KHAMMAM	2023	2.75
Telangana	SANGA REDDY	2023	6.17
Telangana	MAHBUBNAGAR	2022	19.48
Telangana	MAHBUBNAGAR	2022	16.34
Telangana	MAHBUBNAGAR	2022	10.57
Telangana	MAHBUBNAGAR	2023	16.13
Telangana	MAHBUBNAGAR	2021	6.33
Telangana	MAHBUBNAGAR	2022	6.1
Telangana	MAHBUBNAGAR	2022	5.05
Telangana	MAHBUBNAGAR	2022	2.75
Telangana	MAHBUBNAGAR	2023	7.44
Telangana	KHAMMAM	2022	1.62
Telangana	KHAMMAM	2022	1.45
Telangana	KHAMMAM	2023	2.96
Telangana	KHAMMAM	2023	1.53
Telangana	KHAMMAM	2022	1.78
Telangana	KHAMMAM	2022	1.91
Telangana	KHAMMAM	2023	3.53
Telangana	KHAMMAM	2023	1.65
Telangana	RANGA REDDY	2023	2.3
Telangana	RANGA REDDY	2023	4.01
Telangana	RANGA REDDY	2021	6.77
Telangana	RANGA REDDY	2021	15.7
Telangana	RANGA REDDY	2021	17.78
Telangana	RANGA REDDY	2022	6.86
Telangana	RANGA REDDY	2022	9.86
Telangana	RANGA REDDY	2022	10.17
Telangana	RANGA REDDY	2022	7.12
Telangana	RANGA REDDY	2023	7.37
Telangana	RANGA REDDY	2021	2.04
Telangana	RANGA REDDY	2021	1.37
Telangana	RANGA REDDY	2021	2.21
Telangana	RANGA REDDY	2022	2.24
Telangana	RANGA REDDY	2022	3.88
Telangana	RANGA REDDY	2022	0.54
Telangana	RANGA REDDY	2022	1.42
Telangana	RANGA REDDY	2023	1.73
Telangana	RAJANNA SIRCILLA	2023	4.39
Telangana	KARIMNAGAR	2021	4.08
Telangana	KARIMNAGAR	2021	3.91
Telangana	KARIMNAGAR	2021	3.44
Telangana	KARIMNAGAR	2022	3.66
Telangana	KARIMNAGAR	2022	5.64
Telangana	KARIMNAGAR	2022	2.43
Telangana	KARIMNAGAR	2022	2.9
Telangana	KARIMNAGAR	2023	4.39
Telangana	KARIMNAGAR	2023	5.38
Telangana	KARIMNAGAR	2023	3.62
Telangana	RANGA REDDY	2021	8.36
Telangana	RANGA REDDY	2021	7.95
Telangana	RANGA REDDY	2022	8.2
Telangana	RANGA REDDY	2022	5.01
Telangana	RANGA REDDY	2022	5.4
Telangana	RANGA REDDY	2022	4.85
Telangana	RANGA REDDY	2023	4.85
Telangana	RANGA REDDY	2023	5.02
Telangana	RANGA REDDY	2023	4.99
Telangana	RANGA REDDY	2021	6.41
Telangana	RANGA REDDY	2021	8.26
Telangana	RANGA REDDY	2021	3.71
Telangana	RANGA REDDY	2022	8.23
Telangana	RANGA REDDY	2022	9.33
Telangana	RANGA REDDY	2022	4.65
Telangana	RANGA REDDY	2022	4.32
Telangana	RANGA REDDY	2023	8.4
Telangana	NALGONDA	2021	9.15
Telangana	NALGONDA	2021	13.86
Telangana	NALGONDA	2021	7
Telangana	NALGONDA	2022	13.73
Telangana	NALGONDA	2022	14.99
Telangana	NALGONDA	2022	3.33
Telangana	NALGONDA	2022	8.6
Telangana	NALGONDA	2023	15.01
Telangana	NALGONDA	2023	2.21
Telangana	NALGONDA	2022	1.73
Telangana	NALGONDA	2022	-0.5
Telangana	NALGONDA	2022	5.44
Telangana	NALGONDA	2022	3.92
Telangana	NALGONDA	2022	1.18
Telangana	NALGONDA	2023	3.43
Telangana	MAHBUBNAGAR	2021	100.1
Telangana	MAHBUBNAGAR	2021	5.37
Telangana	MAHBUBNAGAR	2022	7.63
Telangana	MAHBUBNAGAR	2022	9.6
Telangana	MAHBUBNAGAR	2022	4.69
Telangana	MAHBUBNAGAR	2022	5.88
Telangana	MAHBUBNAGAR	2023	11.07
Telangana	ADILABAD	2021	6.85
Telangana	ADILABAD	2021	2.42
Telangana	ADILABAD	2021	4.98
Telangana	ADILABAD	2022	6.22
Telangana	ADILABAD	2022	9.39
Telangana	ADILABAD	2022	2.94
Telangana	ADILABAD	2022	4.54
Telangana	ADILABAD	2023	6.24
Telangana	ADILABAD	2023	8.58
Telangana	ADILABAD	2023	3.74
Telangana	MEDAK	2021	12.5
Telangana	MEDAK	2021	10.7
Telangana	MEDAK	2021	9.55
Telangana	MEDAK	2022	11.63
Telangana	MEDAK	2022	16.16
Telangana	MEDAK	2022	11
Telangana	MEDAK	2022	9.62
Telangana	MEDAK	2023	12.07
Telangana	ADILABAD	2021	8.33
Telangana	ADILABAD	2021	1
Telangana	RANGA REDDY	2021	6.55
Telangana	RANGA REDDY	2021	5.6
Telangana	RANGA REDDY	2021	1.87
Telangana	RANGA REDDY	2022	4.53
Telangana	RANGA REDDY	2022	4.9
Telangana	RANGA REDDY	2022	2.05
Telangana	RANGA REDDY	2022	2.05
Telangana	RANGA REDDY	2023	4.96
Telangana	RANGA REDDY	2023	2.22
Telangana	MEDCHAL	2023	3.15
Telangana	MEDCHAL	2023	4.46
Telangana	MEDAK	2021	2.37
Telangana	MEDAK	2021	0.47
Telangana	MEDAK	2021	1.77
Telangana	MEDAK	2022	2.53
Telangana	MEDAK	2022	3.13
Telangana	MEDAK	2022	1.08
Telangana	MEDAK	2022	1.18
Telangana	MEDAK	2023	2.68
Telangana	MEDAK	2023	7.02
Telangana	MEDAK	2023	1.43
Telangana	SANGA REDDY	2023	2.68
Telangana	WARANGAL RURAL	2021	4.54
Telangana	WARANGAL RURAL	2021	3.48
Telangana	WARANGAL RURAL	2021	3.66
Telangana	WARANGAL RURAL	2022	5.96
Telangana	WARANGAL RURAL	2022	8.98
Telangana	WARANGAL RURAL	2022	2.42
Telangana	WARANGAL RURAL	2022	2.7
Telangana	MAHBUBNAGAR	2021	4.52
Telangana	MAHBUBNAGAR	2022	3.53
Telangana	MAHBUBNAGAR	2022	3.19
Telangana	MAHBUBNAGAR	2022	2.56
Telangana	MAHBUBNAGAR	2022	2.55
Telangana	MAHBUBNAGAR	2023	5.05
Telangana	SIDDIPET	2023	5.34
Telangana	JAGITYAL	2023	10.04
Telangana	JAGITYAL	2023	8.07
Telangana	SIDDIPET	2023	6.27
Telangana	MEDAK	2023	6.27
Telangana	MEDAK	2023	8.41
Telangana	MEDAK	2023	5.11
Telangana	NIZAMABAD	2023	4.47
Telangana	KARIMNAGAR	2021	12.12
Telangana	KARIMNAGAR	2021	2.08
Telangana	KARIMNAGAR	2021	5.63
Telangana	KARIMNAGAR	2022	7.84
Telangana	KARIMNAGAR	2022	6.77
Telangana	KARIMNAGAR	2022	1.53
Telangana	KARIMNAGAR	2022	2.2
Telangana	KARIMNAGAR	2023	10.04
Telangana	KARIMNAGAR	2023	8.07
Telangana	KARIMNAGAR	2023	7.18
Telangana	KARIMNAGAR	2021	2.54
Telangana	KARIMNAGAR	2021	1.33
Telangana	KARIMNAGAR	2021	1.84
Telangana	KARIMNAGAR	2022	2.33
Telangana	KARIMNAGAR	2022	4.82
Telangana	KARIMNAGAR	2022	1.63
Telangana	KARIMNAGAR	2023	3.83
Telangana	KARIMNAGAR	2023	6.3
Telangana	KARIMNAGAR	2023	1.74
Telangana	KARIMNAGAR	2023	6.25
Telangana	NIZAMABAD	2021	2.1
Telangana	NIZAMABAD	2021	1.02
Telangana	NIZAMABAD	2021	1.74
Telangana	NIZAMABAD	2022	2.6
Telangana	NIZAMABAD	2022	4.65
Telangana	NIZAMABAD	2022	1.31
Telangana	NIZAMABAD	2022	1.25
Telangana	NIZAMABAD	2023	2.65
Telangana	NIZAMABAD	2023	2.01
Telangana	KARIMNAGAR	2021	6.02
Telangana	KARIMNAGAR	2021	3.58
Telangana	KARIMNAGAR	2021	4.37
Telangana	KARIMNAGAR	2022	5.6
Telangana	KARIMNAGAR	2022	5.93
Telangana	KARIMNAGAR	2022	3.87
Telangana	KARIMNAGAR	2022	4.55
Telangana	KARIMNAGAR	2023	6.11
Telangana	KARIMNAGAR	2023	7.14
Telangana	KARIMNAGAR	2023	7.05
Telangana	KARIMNAGAR	2023	4.4
Telangana	MAHBUBNAGAR	2022	69.35
Telangana	MEDAK	2021	5.9
Telangana	MEDAK	2021	2.86
Telangana	MEDAK	2021	4.99
Telangana	MEDAK	2022	5.93
Telangana	MEDAK	2022	8.43
Telangana	MEDAK	2022	3.01
Telangana	MEDAK	2022	3.56
Telangana	MEDAK	2023	6.71
Telangana	MEDAK	2023	17.89
Telangana	NALGONDA	2023	5.72
Telangana	NALGONDA	2021	3.4
Telangana	NALGONDA	2021	3.34
Telangana	NALGONDA	2021	3.25
Telangana	NALGONDA	2022	3.81
Telangana	NALGONDA	2022	4.55
Telangana	NALGONDA	2022	4.24
Telangana	NALGONDA	2022	3.73
Telangana	NALGONDA	2023	3.67
Telangana	NALGONDA	2023	5.56
Telangana	MAHBUBNAGAR	2023	1.98
Telangana	MAHBUBNAGAR	2023	3.01
Telangana	MAHBUBNAGAR	2021	0.97
Telangana	MAHBUBNAGAR	2021	0.85
Telangana	MAHBUBNAGAR	2021	2.22
Telangana	MAHBUBNAGAR	2022	1.12
Telangana	MAHBUBNAGAR	2022	2.39
Telangana	MAHBUBNAGAR	2022	0.57
Telangana	MAHBUBNAGAR	2022	0.74
Telangana	MAHBUBNAGAR	2023	0.89
Telangana	ADILABAD	2022	9.2
Telangana	ADILABAD	2022	9
Telangana	ADILABAD	2023	13.14
Telangana	ADILABAD	2023	11.54
Telangana	ADILABAD	2022	9.33
Telangana	ADILABAD	2022	8.2
Telangana	ADILABAD	2023	11.95
Telangana	ADILABAD	2023	10.98
Telangana	RANGA REDDY	2021	4.8
Telangana	RANGA REDDY	2021	5.5
Telangana	RANGA REDDY	2021	5.29
Telangana	RANGA REDDY	2022	6.8
Telangana	RANGA REDDY	2022	7.22
Telangana	RANGA REDDY	2022	5.92
Telangana	RANGA REDDY	2022	5.73
Telangana	RANGA REDDY	2023	6.93
Telangana	RANGA REDDY	2023	6.84
Telangana	RANGA REDDY	2023	6.01
Telangana	RANGA REDDY	2023	6.93
Telangana	KHAMMAM	2022	40.5
Telangana	KHAMMAM	2022	40.52
Telangana	KHAMMAM	2023	46.65
Telangana	KHAMMAM	2023	39.14
Telangana	KHAMMAM	2022	36.26
Telangana	KHAMMAM	2022	35.21
Telangana	KHAMMAM	2023	41.48
Telangana	KHAMMAM	2023	43.21
Telangana	KARIMNAGAR	2021	5.03
Telangana	KARIMNAGAR	2021	1.53
Telangana	KARIMNAGAR	2021	3.01
Telangana	KARIMNAGAR	2022	4.28
Telangana	KARIMNAGAR	2022	5.2
Telangana	KARIMNAGAR	2022	2.16
Telangana	KARIMNAGAR	2022	2.37
Telangana	KARIMNAGAR	2023	5.71
Telangana	KARIMNAGAR	2023	2.4
Telangana	MAHBUBNAGAR	2023	14.6
Telangana	MAHBUBNAGAR	2021	8.95
Telangana	MAHBUBNAGAR	2021	7.41
Telangana	MAHBUBNAGAR	2021	5.38
Telangana	MAHBUBNAGAR	2022	6.87
Telangana	MAHBUBNAGAR	2022	10.33
Telangana	MAHBUBNAGAR	2022	5.23
Telangana	MAHBUBNAGAR	2023	7.34
Telangana	RANGA REDDY	2022	-0.6
Telangana	RANGA REDDY	2022	-0.6
Telangana	KARIMNAGAR	2021	2.69
Telangana	KARIMNAGAR	2021	1.42
Telangana	KARIMNAGAR	2021	1.85
Telangana	KARIMNAGAR	2022	2.25
Telangana	KARIMNAGAR	2022	1.99
Telangana	KARIMNAGAR	2022	1.44
Telangana	KARIMNAGAR	2022	2.11
Telangana	KARIMNAGAR	2023	2.91
Telangana	KARIMNAGAR	2023	3.48
Telangana	KARIMNAGAR	2023	1.85
Telangana	RANGA REDDY	2022	8.72
Telangana	RANGA REDDY	2022	15.56
Telangana	RANGA REDDY	2022	7.83
Telangana	RANGA REDDY	2022	6.84
Telangana	RANGA REDDY	2023	14.86
Telangana	RANGA REDDY	2021	7.68
Telangana	RANGA REDDY	2022	9.62
Telangana	ADILABAD	2023	34.82
Telangana	ADILABAD	2023	1.98
Telangana	ADILABAD	2022	33.25
Telangana	ADILABAD	2022	36.35
Telangana	ADILABAD	2022	36.2
Telangana	ADILABAD	2022	34.94
Telangana	ADILABAD	2023	36.17
Telangana	ADILABAD	2023	35.87
Telangana	NIZAMABAD	2021	12.5
Telangana	NIZAMABAD	2021	9.62
Telangana	NIZAMABAD	2021	6.59
Telangana	NIZAMABAD	2022	8.38
Telangana	NIZAMABAD	2022	12.8
Telangana	NIZAMABAD	2022	7.5
Telangana	NIZAMABAD	2022	6.6
Telangana	NIZAMABAD	2023	9.81
Telangana	NIZAMABAD	2023	10.21
Telangana	NIZAMABAD	2023	5.89
Telangana	NIZAMABAD	2021	18.41
Telangana	NIZAMABAD	2021	14.77
Telangana	NIZAMABAD	2021	8.58
Telangana	NIZAMABAD	2022	11.2
Telangana	NIZAMABAD	2022	20.24
Telangana	NIZAMABAD	2022	9.97
Telangana	NIZAMABAD	2022	10.55
Telangana	NIZAMABAD	2023	16.54
Telangana	NIZAMABAD	2023	15.61
Telangana	NALGONDA	2021	0.66
Telangana	NALGONDA	2021	0.27
Telangana	NALGONDA	2021	0.23
Telangana	NALGONDA	2022	0.39
Telangana	NALGONDA	2022	2.2
Telangana	NALGONDA	2022	0.58
Telangana	NALGONDA	2022	0.52
Telangana	NALGONDA	2023	3.63
Telangana	NALGONDA	2023	2.85
Telangana	NALGONDA	2023	1.33
Telangana	SURYAPET	2023	3.63
Telangana	NIZAMABAD	2023	20.18
Telangana	KHAMMAM	2021	1.85
Telangana	KHAMMAM	2021	1.45
Telangana	KHAMMAM	2021	1.35
Telangana	KHAMMAM	2022	1.61
Telangana	KHAMMAM	2022	3.73
Telangana	KHAMMAM	2022	0.75
Telangana	KHAMMAM	2023	3.9
Telangana	KHAMMAM	2023	2.53
Telangana	WARANGAL RURAL	2022	5.53
Telangana	WARANGAL RURAL	2022	7.42
Telangana	WARANGAL RURAL	2023	11.04
Telangana	WARANGAL RURAL	2023	7.43
Telangana	WARANGAL RURAL	2022	6.37
Telangana	WARANGAL RURAL	2022	4.4
Telangana	WARANGAL RURAL	2023	10.69
Telangana	WARANGAL RURAL	2023	5.18
Telangana	WARANGAL RURAL	2022	3.26
Telangana	WARANGAL RURAL	2022	4.62
Telangana	WARANGAL RURAL	2023	10.53
Telangana	WARANGAL RURAL	2023	5.37
Telangana	RANGA REDDY	2021	4.15
Telangana	RANGA REDDY	2021	3.51
Telangana	RANGA REDDY	2021	3.91
Telangana	RANGA REDDY	2022	4.62
Telangana	RANGA REDDY	2022	7.7
Telangana	RANGA REDDY	2022	3.89
Telangana	RANGA REDDY	2022	3.32
Telangana	RANGA REDDY	2023	5.72
Telangana	RANGA REDDY	2023	8.51
Telangana	MEDCHAL	2023	5.72
Telangana	MEDCHAL	2023	7.11
Telangana	YADADRI	2023	10.38
Telangana	NALGONDA	2021	8.52
Telangana	NALGONDA	2021	4.7
Telangana	NALGONDA	2021	6.6
Telangana	NALGONDA	2022	6
Telangana	NALGONDA	2022	10.91
Telangana	NALGONDA	2022	4.96
Telangana	NALGONDA	2022	5.8
Telangana	NALGONDA	2023	14.39
Telangana	NALGONDA	2023	7.51
Telangana	RANGA REDDY	2021	6.33
Telangana	RANGA REDDY	2022	13.87
Telangana	RANGA REDDY	2022	25.55
Telangana	RANGA REDDY	2022	9.02
Telangana	RANGA REDDY	2023	12.39
Telangana	RANGA REDDY	2023	5.18
Telangana	RANGA REDDY	2023	9.89
Telangana	ADILABAD	2022	1.24
Telangana	ADILABAD	2022	1.4
Telangana	ADILABAD	2023	6.29
Telangana	ADILABAD	2023	2.12
Telangana	ADILABAD	2022	1.27
Telangana	ADILABAD	2022	1.7
Telangana	ADILABAD	2023	15.17
Telangana	ADILABAD	2023	2.54
Telangana	ADILABAD	2021	6.71
Telangana	ADILABAD	2021	4.2
Telangana	ADILABAD	2021	2.5
Telangana	ADILABAD	2022	2.95
Telangana	ADILABAD	2022	5.35
Telangana	ADILABAD	2022	1.47
Telangana	ADILABAD	2022	1.62
Telangana	ADILABAD	2023	2.68
Telangana	ADILABAD	2023	5.33
Telangana	ADILABAD	2023	2.48
Telangana	NIRMAL	2023	2.3
Telangana	SANGA REDDY	2023	10.43
Telangana	MEDAK	2021	11.42
Telangana	MEDAK	2021	11.7
Telangana	MEDAK	2021	8.58
Telangana	MEDAK	2022	10.91
Telangana	MEDAK	2022	14.7
Telangana	MEDAK	2022	7.6
Telangana	MEDAK	2022	6.78
Telangana	MEDAK	2023	10.43
Telangana	MEDAK	2023	12.74
Telangana	MEDAK	2023	7.46
Telangana	ADILABAD	2022	42
Telangana	ADILABAD	2022	27.53
Telangana	ADILABAD	2022	24.25
Telangana	ADILABAD	2023	48.78
Telangana	ADILABAD	2023	31.67
Telangana	PEDDAPALLY	2023	6.76
Telangana	KARIMNAGAR	2021	5.76
Telangana	KARIMNAGAR	2021	4.38
Telangana	KARIMNAGAR	2021	4.33
Telangana	KARIMNAGAR	2022	7.53
Telangana	KARIMNAGAR	2022	7.57
Telangana	KARIMNAGAR	2022	3.1
Telangana	KARIMNAGAR	2022	3.37
Telangana	KARIMNAGAR	2023	6.76
Telangana	KARIMNAGAR	2023	8.99
Telangana	KARIMNAGAR	2023	1.2
Telangana	KHAMMAM	2023	2.93
Telangana	KHAMMAM	2023	2.56
Telangana	NALGONDA	2021	2.15
Telangana	NALGONDA	2021	3.24
Telangana	NALGONDA	2021	3.53
Telangana	NALGONDA	2022	3.36
Telangana	NALGONDA	2022	3.4
Telangana	NALGONDA	2022	1.24
Telangana	NALGONDA	2022	1.91
Telangana	NALGONDA	2023	3.44
Telangana	NALGONDA	2023	3.05
Telangana	NALGONDA	2023	2.62
Telangana	KHAMMAM	2021	2.5
Telangana	KHAMMAM	2021	2.15
Telangana	KHAMMAM	2021	2.36
Telangana	KHAMMAM	2022	2.63
Telangana	KHAMMAM	2022	2.87
Telangana	KHAMMAM	2022	1.76
Telangana	KHAMMAM	2022	1.93
Telangana	KHAMMAM	2023	3.4
Telangana	KARIMNAGAR	2021	2.65
Telangana	KARIMNAGAR	2021	3.52
Telangana	KARIMNAGAR	2021	2.74
Telangana	KARIMNAGAR	2022	3.6
Telangana	KARIMNAGAR	2022	5.2
Telangana	KARIMNAGAR	2022	1.68
Telangana	KARIMNAGAR	2023	5.8
Telangana	KARIMNAGAR	2023	3.98
Telangana	WARANGAL RURAL	2021	5.88
Telangana	WARANGAL RURAL	2021	3.07
Telangana	WARANGAL RURAL	2021	3.91
Telangana	WARANGAL RURAL	2022	6.81
Telangana	WARANGAL RURAL	2022	2.19
Telangana	WARANGAL RURAL	2022	1.57
Telangana	WARANGAL RURAL	2022	2.67
Telangana	WARANGAL RURAL	2023	4.57
Telangana	WARANGAL RURAL	2023	6.04
Telangana	WARANGAL RURAL	2023	0.6
Telangana	SIDDIPET	2023	15.1
Telangana	HANAMKONDA	2023	3.94
Telangana	MAHBUBNAGAR	2023	1.78
Telangana	MAHBUBNAGAR	2023	2.77
Telangana	MAHBUBNAGAR	2023	1.35
Telangana	MAHBUBNAGAR	2022	0.58
Telangana	MAHBUBNAGAR	2022	0.48
Telangana	NALGONDA	2021	2.67
Telangana	NALGONDA	2021	1.94
Telangana	NALGONDA	2021	2.12
Telangana	NALGONDA	2022	2.38
Telangana	NALGONDA	2022	2.62
Telangana	NALGONDA	2022	1.92
Telangana	NALGONDA	2022	2.77
Telangana	NALGONDA	2023	3.33
Telangana	NALGONDA	2023	2.95
Telangana	NALGONDA	2021	1.5
Telangana	NALGONDA	2021	3.7
Telangana	NALGONDA	2021	2.7
Telangana	NALGONDA	2022	1.61
Telangana	NALGONDA	2022	3.89
Telangana	NALGONDA	2022	2.84
Telangana	NALGONDA	2022	1.7
Telangana	NALGONDA	2023	5.3
Telangana	NALGONDA	2023	2.47
Telangana	NALGONDA	2023	4.93
Telangana	MEDAK	2021	4.66
Telangana	MEDAK	2021	3.4
Telangana	MEDAK	2021	4.77
Telangana	MEDAK	2022	4.65
Telangana	MEDAK	2022	7.06
Telangana	MEDAK	2022	3.4
Telangana	MEDAK	2022	3.68
Telangana	MEDAK	2023	4.53
Telangana	MEDAK	2023	4.89
Telangana	MEDAK	2023	3.75
Telangana	SANGA REDDY	2023	4.53
Telangana	YADADRI	2023	7.66
Telangana	NALGONDA	2021	9.37
Telangana	NALGONDA	2021	7.26
Telangana	NALGONDA	2021	7.32
Telangana	NALGONDA	2022	9.41
Telangana	NALGONDA	2022	9.49
Telangana	NALGONDA	2022	4.41
Telangana	NALGONDA	2022	4.65
Telangana	NALGONDA	2023	9.9
Telangana	NALGONDA	2023	9.48
Telangana	PEDDAPALLY	2023	5.91
Telangana	KARIMNAGAR	2021	5.32
Telangana	KARIMNAGAR	2021	5.36
Telangana	KARIMNAGAR	2021	3.82
Telangana	KARIMNAGAR	2022	4.99
Telangana	KARIMNAGAR	2022	5.55
Telangana	KARIMNAGAR	2022	2.21
Telangana	KARIMNAGAR	2022	3.17
Telangana	KARIMNAGAR	2023	5.91
Telangana	KARIMNAGAR	2023	8.38
Telangana	NALGONDA	2021	5.88
Telangana	NALGONDA	2021	4.77
Telangana	NALGONDA	2021	4.33
Telangana	NALGONDA	2022	4.75
Telangana	NALGONDA	2022	5.37
Telangana	NALGONDA	2022	4.25
Telangana	NALGONDA	2022	4.62
Telangana	NALGONDA	2023	3.65
Telangana	NALGONDA	2023	8.81
Telangana	NALGONDA	2023	5.59
Telangana	NIZAMABAD	2023	4.98
Telangana	NIZAMABAD	2023	8.95
Telangana	NIZAMABAD	2023	5.16
Telangana	RANGA REDDY	2022	6.4
Telangana	RANGA REDDY	2022	6
Telangana	RANGA REDDY	2023	8.57
Telangana	MEDAK	2022	0.77
Telangana	MEDAK	2022	2.65
Telangana	MEDAK	2022	0.42
Telangana	MEDAK	2023	1.34
Telangana	MEDAK	2023	2.54
Telangana	KARIMNAGAR	2022	1.41
Telangana	KARIMNAGAR	2023	2.53
Telangana	KARIMNAGAR	2022	0.8
Telangana	KARIMNAGAR	2022	0.49
Telangana	KARIMNAGAR	2022	0.84
Telangana	KARIMNAGAR	2023	2.41
Telangana	KARIMNAGAR	2023	3.29
Telangana	KARIMNAGAR	2021	3.3
Telangana	KARIMNAGAR	2021	1.9
Telangana	KARIMNAGAR	2021	2.73
Telangana	KARIMNAGAR	2022	3.17
Telangana	KARIMNAGAR	2022	4.14
Telangana	KARIMNAGAR	2022	2.39
Telangana	KARIMNAGAR	2022	2.8
Telangana	KARIMNAGAR	2023	5.2
Telangana	KARIMNAGAR	2023	2.8
Telangana	KARIMNAGAR	2023	2.15
Telangana	NIZAMABAD	2021	6.7
Telangana	NIZAMABAD	2021	10.9
Telangana	NIZAMABAD	2021	4.9
Telangana	NIZAMABAD	2022	6.03
Telangana	NIZAMABAD	2022	8.12
Telangana	NIZAMABAD	2022	5.99
Telangana	NIZAMABAD	2022	2.6
Telangana	NIZAMABAD	2023	6.85
Telangana	NIZAMABAD	2023	7.26
Telangana	NIZAMABAD	2023	5.7
Telangana	KHAMMAM	2022	1.27
Telangana	KHAMMAM	2022	3.09
Telangana	KHAMMAM	2022	0.55
Telangana	KHAMMAM	2022	0.89
Telangana	KHAMMAM	2023	2.56
Telangana	KHAMMAM	2023	1.1
Telangana	KHAMMAM	2022	0.16
Telangana	KHAMMAM	2022	0.83
Telangana	KHAMMAM	2023	2.45
Telangana	KHAMMAM	2023	1.01
Telangana	KHAMMAM	2022	0.82
Telangana	KHAMMAM	2022	0.07
Telangana	KHAMMAM	2023	4.92
Telangana	KHAMMAM	2023	0.99
Telangana	SIDDIPET	2023	9.55
Telangana	WARANGAL RURAL	2021	7.93
Telangana	WARANGAL RURAL	2022	7.35
Telangana	WARANGAL RURAL	2022	10.85
Telangana	WARANGAL RURAL	2022	5.78
Telangana	WARANGAL RURAL	2022	5.95
Telangana	WARANGAL RURAL	2023	7.69
Telangana	WARANGAL RURAL	2023	11.57
Telangana	WARANGAL RURAL	2021	3.63
Telangana	MEDAK	2021	3.65
Telangana	MEDAK	2021	4.06
Telangana	MEDAK	2021	3.75
Telangana	MEDAK	2022	2.8
Telangana	MEDAK	2022	4.71
Telangana	MEDAK	2022	4.57
Telangana	MEDAK	2022	2.05
Telangana	MEDAK	2023	4.28
Telangana	MEDAK	2023	4.13
Telangana	MEDAK	2023	3.87
Telangana	RANGA REDDY	2021	5.92
Telangana	RANGA REDDY	2021	7.89
Telangana	RANGA REDDY	2021	3.33
Telangana	RANGA REDDY	2022	9.93
Telangana	RANGA REDDY	2022	11.3
Telangana	RANGA REDDY	2022	3.56
Telangana	RANGA REDDY	2022	10.76
Telangana	RANGA REDDY	2023	10.83
Telangana	RANGA REDDY	2023	12.86
Telangana	RANGA REDDY	2023	9.34
Telangana	NAGARKURNOOL	2023	5.5
Telangana	NAGARKURNOOL	2023	9.85
Telangana	NAGARKURNOOL	2023	7.07
Telangana	MAHBUBNAGAR	2021	7.63
Telangana	MAHBUBNAGAR	2021	11.61
Telangana	MAHBUBNAGAR	2021	8.32
Telangana	MAHBUBNAGAR	2022	7.89
Telangana	MAHBUBNAGAR	2022	12.88
Telangana	MAHBUBNAGAR	2022	11.38
Telangana	MAHBUBNAGAR	2022	3.8
Telangana	MAHBUBNAGAR	2023	5.05
Telangana	NALGONDA	2021	4.89
Telangana	NALGONDA	2021	4.95
Telangana	NALGONDA	2021	5.51
Telangana	NALGONDA	2022	5.85
Telangana	NALGONDA	2022	6.98
Telangana	NALGONDA	2022	3.84
Telangana	NALGONDA	2022	4.52
Telangana	NALGONDA	2023	6
Telangana	NALGONDA	2023	4.5
Telangana	NALGONDA	2021	5.6
Telangana	NALGONDA	2021	4.45
Telangana	NALGONDA	2021	3.5
Telangana	NALGONDA	2022	4.61
Telangana	NALGONDA	2022	5.15
Telangana	NALGONDA	2022	4.4
Telangana	NALGONDA	2022	4.05
Telangana	NALGONDA	2023	5.62
Telangana	NALGONDA	2023	5.44
Telangana	YADADRI	2023	6.03
Telangana	NALGONDA	2021	5.83
Telangana	NALGONDA	2021	4.58
Telangana	NALGONDA	2021	3.53
Telangana	NALGONDA	2022	4.65
Telangana	NALGONDA	2022	5.13
Telangana	NALGONDA	2022	4.5
Telangana	NALGONDA	2022	4.22
Telangana	NALGONDA	2023	5.73
Telangana	NALGONDA	2023	5.67
Telangana	YADADRI	2023	5.74
Telangana	RANGA REDDY	2021	9.37
Telangana	RANGA REDDY	2021	7.6
Telangana	RANGA REDDY	2021	6.07
Telangana	RANGA REDDY	2022	8.54
Telangana	RANGA REDDY	2022	10.44
Telangana	RANGA REDDY	2022	8.43
Telangana	RANGA REDDY	2022	6.7
Telangana	RANGA REDDY	2023	7.84
Telangana	RANGA REDDY	2023	8.89
Telangana	RANGA REDDY	2023	9.62
Telangana	RANGA REDDY	2023	7.84
Telangana	NALGONDA	2021	7.2
Telangana	NALGONDA	2021	5.49
Telangana	NALGONDA	2021	5.96
Telangana	NALGONDA	2022	6.85
Telangana	NALGONDA	2022	7.26
Telangana	NALGONDA	2022	7.51
Telangana	NALGONDA	2022	7.15
Telangana	NALGONDA	2023	8.62
Telangana	NALGONDA	2023	8.2
Telangana	NALGONDA	2023	7.32
Telangana	MAHBUBNAGAR	2023	5.66
Telangana	NAGARKURNOOL	2023	5.66
Telangana	NAGARKURNOOL	2023	8.1
Telangana	NAGARKURNOOL	2023	6.81
Telangana	MAHBUBNAGAR	2021	3.36
Telangana	MAHBUBNAGAR	2021	3.96
Telangana	MAHBUBNAGAR	2021	3.52
Telangana	MAHBUBNAGAR	2022	4.16
Telangana	MAHBUBNAGAR	2022	7.1
Telangana	MAHBUBNAGAR	2022	6.38
Telangana	MAHBUBNAGAR	2022	3.74
Telangana	MEDAK	2021	4.65
Telangana	MEDAK	2021	1.88
Telangana	MEDAK	2021	0.91
Telangana	MEDAK	2022	4.1
Telangana	MEDAK	2022	7.2
Telangana	MEDAK	2022	1.86
Telangana	KHAMMAM	2022	9.08
Telangana	KHAMMAM	2022	5.24
Telangana	KHAMMAM	2022	7.84
Telangana	KHAMMAM	2023	8.53
Telangana	KHAMMAM	2023	6.35
Telangana	NALGONDA	2023	3.6
Telangana	NALGONDA	2021	4.11
Telangana	NALGONDA	2021	3.14
Telangana	NALGONDA	2021	2.56
Telangana	NALGONDA	2022	6.25
Telangana	NALGONDA	2022	1.67
Telangana	NALGONDA	2022	2.6
Telangana	NALGONDA	2023	8.59
Telangana	NALGONDA	2023	7.18
Telangana	NALGONDA	2021	2.73
Telangana	NALGONDA	2021	2.2
Telangana	NALGONDA	2021	2.7
Telangana	NALGONDA	2022	2.6
Telangana	NALGONDA	2022	3.51
Telangana	NALGONDA	2022	2.57
Telangana	NALGONDA	2022	2.42
Telangana	NALGONDA	2023	3.33
Telangana	NALGONDA	2023	4.2
Telangana	NALGONDA	2023	3.93
Telangana	MEDAK	2022	4.35
Telangana	MEDAK	2022	3.74
Telangana	MEDAK	2023	9.41
Telangana	MEDAK	2023	2.94
Telangana	MEDAK	2022	4.66
Telangana	MEDAK	2022	4.04
Telangana	MEDAK	2023	9.69
Telangana	MEDAK	2023	5.5
Telangana	MEDAK	2022	4.02
Telangana	MEDAK	2022	3.47
Telangana	MEDAK	2023	10.11
Telangana	MEDAK	2023	4.64
Telangana	MEDAK	2022	4.54
Telangana	MEDAK	2022	4.1
Telangana	MEDAK	2023	9.32
Telangana	MEDAK	2023	5.29
Telangana	RAJANNA SIRCILLA	2023	10.55
Telangana	NALGONDA	2023	5.31
Telangana	NALGONDA	2023	5.9
Telangana	KARIMNAGAR	2021	11.9
Telangana	KARIMNAGAR	2021	9.63
Telangana	KARIMNAGAR	2022	10.1
Telangana	KARIMNAGAR	2022	12.1
Telangana	KARIMNAGAR	2022	9.48
Telangana	KARIMNAGAR	2022	9.2
Telangana	KARIMNAGAR	2023	10.55
Telangana	KARIMNAGAR	2023	12.55
Telangana	KARIMNAGAR	2023	10.95
Telangana	NALGONDA	2022	5.32
Telangana	NALGONDA	2022	3.28
Telangana	NALGONDA	2023	5.35
Telangana	NALGONDA	2023	5.95
Telangana	NALGONDA	2022	5.33
Telangana	NALGONDA	2022	3.25
Telangana	HYDERABAD	2021	3.24
Telangana	HYDERABAD	2021	5.86
Telangana	HYDERABAD	2021	2.16
Telangana	HYDERABAD	2022	3.76
Telangana	HYDERABAD	2022	5.75
Telangana	HYDERABAD	2022	3.63
Telangana	HYDERABAD	2023	5.34
Telangana	HYDERABAD	2023	7.36
Telangana	HYDERABAD	2023	5.56
Telangana	RANGA REDDY	2021	3.65
Telangana	RANGA REDDY	2021	3.31
Telangana	RANGA REDDY	2022	4.43
Telangana	RANGA REDDY	2022	5.85
Telangana	RANGA REDDY	2022	2.33
Telangana	RANGA REDDY	2022	3.28
Telangana	MAHBUBNAGAR	2023	4.6
Telangana	MAHBUBNAGAR	2023	5.79
Telangana	MAHBUBNAGAR	2023	3.39
Telangana	NALGONDA	2021	1.9
Telangana	NALGONDA	2022	1.3
Telangana	NALGONDA	2022	1.86
Telangana	NALGONDA	2022	2.21
Telangana	NALGONDA	2022	1.12
Telangana	NALGONDA	2023	1.72
Telangana	NALGONDA	2023	1.12
Telangana	NALGONDA	2023	3.94
Telangana	NIZAMABAD	2022	11.05
Telangana	NIZAMABAD	2022	17.28
Telangana	NIZAMABAD	2022	6.59
Telangana	NIZAMABAD	2022	9.6
Telangana	NIZAMABAD	2023	16.2
Telangana	NIZAMABAD	2023	5.65
Telangana	MEDAK	2022	3.48
Telangana	MEDAK	2022	2.64
Telangana	MEDAK	2023	8.91
Telangana	MEDAK	2023	3.03
Telangana	MEDAK	2022	3.48
Telangana	MEDAK	2022	2.64
Telangana	MEDAK	2023	3.74
Telangana	MEDAK	2023	4.73
Telangana	SIDDIPET	2023	6.75
Telangana	SIDDIPET	2023	8.59
Telangana	NALGONDA	2021	1.14
Telangana	NALGONDA	2021	0.94
Telangana	NALGONDA	2021	0.36
Telangana	NALGONDA	2022	1.02
Telangana	NALGONDA	2022	1.94
Telangana	NALGONDA	2022	0.84
Telangana	NALGONDA	2022	0.76
Telangana	NALGONDA	2023	3.58
Telangana	NALGONDA	2023	2.96
Telangana	NALGONDA	2023	2.91
Telangana	KHAMMAM	2022	2.92
Telangana	KHAMMAM	2022	3.23
Telangana	KHAMMAM	2022	0.67
Telangana	KHAMMAM	2022	1.48
Telangana	KHAMMAM	2023	3.24
Telangana	KHAMMAM	2023	1.8
Telangana	MEDAK	2021	3.26
Telangana	MEDAK	2021	2.35
Telangana	MEDAK	2021	1.87
Telangana	MEDAK	2022	2.22
Telangana	MEDAK	2022	6
Telangana	MEDAK	2022	2
Telangana	MEDAK	2022	1.95
Telangana	MEDAK	2023	3.06
Telangana	MEDAK	2023	5.8
Telangana	WARANGAL RURAL	2021	1.38
Telangana	WARANGAL RURAL	2021	0.6
Telangana	WARANGAL RURAL	2021	1.05
Telangana	WARANGAL RURAL	2022	1.63
Telangana	WARANGAL RURAL	2022	3.69
Telangana	WARANGAL RURAL	2022	0.02
Telangana	WARANGAL RURAL	2022	1
Telangana	WARANGAL RURAL	2023	2.25
Telangana	WARANGAL RURAL	2023	1.13
Telangana	WARANGAL RURAL	2021	7.45
Telangana	WARANGAL RURAL	2021	8.85
Telangana	WARANGAL RURAL	2021	6.79
Telangana	WARANGAL RURAL	2022	8.5
Telangana	WARANGAL RURAL	2022	13.2
Telangana	WARANGAL RURAL	2022	6.51
Telangana	NAGARKURNOOL	2023	1.33
Telangana	NAGARKURNOOL	2023	0.85
Telangana	MAHBUBNAGAR	2021	0.75
Telangana	MAHBUBNAGAR	2021	0.52
Telangana	MAHBUBNAGAR	2021	0.56
Telangana	MAHBUBNAGAR	2022	0.82
Telangana	MAHBUBNAGAR	2022	2.2
Telangana	MAHBUBNAGAR	2022	0.45
Telangana	MAHBUBNAGAR	2022	0.47
Telangana	MAHBUBNAGAR	2023	1.33
Telangana	WARANGAL RURAL	2021	2.63
Telangana	WARANGAL RURAL	2021	1.44
Telangana	WARANGAL RURAL	2021	1.87
Telangana	WARANGAL RURAL	2022	3.05
Telangana	WARANGAL RURAL	2022	3.89
Telangana	WARANGAL RURAL	2022	0.23
Telangana	WARANGAL RURAL	2022	1.22
Telangana	WARANGAL RURAL	2023	3.61
Telangana	WARANGAL RURAL	2023	4.2
Telangana	WARANGAL RURAL	2023	2.23
Telangana	MEDAK	2023	8.5
Telangana	MEDAK	2023	9.87
Telangana	MEDAK	2023	6.18
Telangana	KHAMMAM	2022	14.7
Telangana	KHAMMAM	2022	14.25
Telangana	KHAMMAM	2023	15.76
Telangana	KHAMMAM	2023	14.02
Telangana	KHAMMAM	2022	13.4
Telangana	KHAMMAM	2022	13.17
Telangana	KHAMMAM	2023	14.63
Telangana	KHAMMAM	2023	13.4
Telangana	MEDAK	2022	9.33
Telangana	ADILABAD	2022	10.54
Telangana	ADILABAD	2022	17.24
Telangana	MEDAK	2022	13.02
Telangana	ADILABAD	2022	4.93
Telangana	MEDAK	2022	8.77
Telangana	ADILABAD	2022	6.86
Telangana	MEDAK	2022	4.52
Telangana	ADILABAD	2023	17.94
Telangana	MEDAK	2023	12.14
Telangana	ADILABAD	2023	8.51
Telangana	MEDAK	2023	9
Telangana	NIZAMABAD	2021	6.5
Telangana	MAHBUBNAGAR	2022	10.15
Telangana	MAHBUBNAGAR	2022	5.91
Telangana	MAHBUBNAGAR	2023	9.29
Telangana	RANGA REDDY	2021	2.93
Telangana	RANGA REDDY	2021	1.6
Telangana	RANGA REDDY	2021	1.51
Telangana	RANGA REDDY	2022	2.85
Telangana	RANGA REDDY	2022	4.65
Telangana	RANGA REDDY	2022	1
Telangana	RANGA REDDY	2022	1.72
Telangana	RANGA REDDY	2023	3.84
Telangana	RANGA REDDY	2023	1.87
Telangana	ADILABAD	2022	2.87
Telangana	ADILABAD	2022	4.51
Telangana	ADILABAD	2023	10.61
Telangana	ADILABAD	2023	4.31
Telangana	NIZAMABAD	2021	11.43
Telangana	NIZAMABAD	2021	9.03
Telangana	NIZAMABAD	2021	7.02
Telangana	NIZAMABAD	2022	9.86
Telangana	NIZAMABAD	2022	10.42
Telangana	NIZAMABAD	2022	5.68
Telangana	NIZAMABAD	2022	5.25
Telangana	NIZAMABAD	2023	9.18
Telangana	NIZAMABAD	2023	9.71
Telangana	NIZAMABAD	2023	9.31
Telangana	RANGA REDDY	2021	16.14
Telangana	KHAMMAM	2021	1.51
Telangana	KHAMMAM	2021	1.26
Telangana	KHAMMAM	2021	1.86
Telangana	KHAMMAM	2022	1.75
Telangana	KHAMMAM	2022	2.21
Telangana	KHAMMAM	2022	1.31
Telangana	KHAMMAM	2022	2.13
Telangana	KHAMMAM	2023	2.77
Telangana	KHAMMAM	2023	2.78
Telangana	KHAMMAM	2023	3.45
Telangana	MEDAK	2021	2.82
Telangana	MEDAK	2021	0.59
Telangana	MEDAK	2021	1.71
Telangana	MEDAK	2022	2.52
Telangana	MEDAK	2023	15.1
Telangana	MEDAK	2022	25.38
Telangana	MEDAK	2022	26.6
Telangana	MEDAK	2022	18.78
Telangana	MEDAK	2022	12.53
Telangana	MEDAK	2023	17.67
Telangana	MEDAK	2023	13.85
Telangana	WARANGAL RURAL	2021	0.27
Telangana	WARANGAL RURAL	2021	1.75
Telangana	WARANGAL RURAL	2021	0.13
Telangana	WARANGAL RURAL	2022	0.51
Telangana	WARANGAL RURAL	2022	2.56
Telangana	WARANGAL RURAL	2022	0.09
Telangana	WARANGAL RURAL	2022	0.15
Telangana	WARANGAL RURAL	2023	0.96
Telangana	WARANGAL RURAL	2023	1.1
Telangana	WARANGAL RURAL	2023	0.23
Telangana	WARANGAL RURAL	2023	1.74
Telangana	WARANGAL RURAL	2021	0.28
Telangana	WARANGAL RURAL	2021	0.25
Telangana	WARANGAL RURAL	2021	0.74
Telangana	WARANGAL RURAL	2022	1.64
Telangana	WARANGAL RURAL	2022	2.43
Telangana	WARANGAL RURAL	2022	0.17
Telangana	WARANGAL RURAL	2022	0.32
Telangana	WARANGAL RURAL	2023	1.08
Telangana	WARANGAL RURAL	2023	0.73
Telangana	WARANGAL RURAL	2022	1.53
Telangana	WARANGAL RURAL	2023	4.18
Telangana	WARANGAL RURAL	2023	2.22
Telangana	WARANGAL RURAL	2023	2.66
Telangana	WARANGAL RURAL	2022	2.78
Telangana	WARANGAL RURAL	2022	2.82
Telangana	WARANGAL RURAL	2023	4.33
Telangana	WARANGAL RURAL	2023	3.02
Telangana	WARANGAL RURAL	2022	2.5
Telangana	WARANGAL RURAL	2022	2.6
Telangana	WARANGAL RURAL	2023	4.64
Telangana	WARANGAL RURAL	2023	2.82
Telangana	KARIMNAGAR	2021	4.11
Telangana	KARIMNAGAR	2021	3.8
Telangana	KARIMNAGAR	2021	3.41
Telangana	KARIMNAGAR	2022	4.23
Telangana	KARIMNAGAR	2022	9.7
Telangana	KARIMNAGAR	2022	2.57
Telangana	KARIMNAGAR	2022	2.3
Telangana	KARIMNAGAR	2023	6.57
Telangana	KARIMNAGAR	2023	1.83
Telangana	RAJANNA SIRCILLA	2023	4.26
Telangana	ADILABAD	2023	2.07
Telangana	ADILABAD	2021	2.3
Telangana	ADILABAD	2021	1.13
Telangana	ADILABAD	2021	1.65
Telangana	ADILABAD	2022	2.18
Telangana	ADILABAD	2022	4.74
Telangana	ADILABAD	2022	1.5
Telangana	ADILABAD	2022	1.4
Telangana	ADILABAD	2023	3.02
Telangana	ADILABAD	2023	5.35
Telangana	NALGONDA	2021	2.5
Telangana	NALGONDA	2021	2.18
Telangana	NALGONDA	2022	2.8
Telangana	NALGONDA	2022	3.12
Telangana	NALGONDA	2022	2.11
Telangana	NALGONDA	2022	1.74
Telangana	NALGONDA	2023	2.91
Telangana	NALGONDA	2023	4.62
Telangana	NALGONDA	2023	2.9
Telangana	KARIMNAGAR	2021	3.42
Telangana	KARIMNAGAR	2021	2.49
Telangana	KARIMNAGAR	2021	2.05
Telangana	KARIMNAGAR	2022	3.11
Telangana	KARIMNAGAR	2022	4.74
Telangana	KARIMNAGAR	2022	-0.19
Telangana	KARIMNAGAR	2022	1.68
Telangana	KARIMNAGAR	2023	5.02
Telangana	KARIMNAGAR	2023	8.81
Telangana	KARIMNAGAR	2023	2.17
Telangana	NALGONDA	2021	3.15
Telangana	NALGONDA	2021	4.02
Telangana	NALGONDA	2021	3.3
Telangana	NALGONDA	2022	3.55
Telangana	NALGONDA	2022	5.03
Telangana	NALGONDA	2022	4.57
Telangana	NALGONDA	2022	3.45
Telangana	NALGONDA	2023	6.26
Telangana	NALGONDA	2023	4.83
Telangana	NALGONDA	2021	3.26
Telangana	NALGONDA	2021	4.03
Telangana	NALGONDA	2021	3.13
Telangana	NALGONDA	2022	3.44
Telangana	NALGONDA	2022	4.21
Telangana	NALGONDA	2022	4.81
Telangana	NALGONDA	2022	3.64
Telangana	NALGONDA	2023	5.13
Telangana	NALGONDA	2023	6.46
Telangana	NALGONDA	2023	5.17
Telangana	JANGAON	2023	1.89
Telangana	WARANGAL RURAL	2021	1.22
Telangana	WARANGAL RURAL	2021	1.25
Telangana	WARANGAL RURAL	2021	1.16
Telangana	WARANGAL RURAL	2022	1.7
Telangana	WARANGAL RURAL	2022	3.41
Telangana	WARANGAL RURAL	2022	0.74
Telangana	WARANGAL RURAL	2022	0.96
Telangana	WARANGAL RURAL	2023	1.89
Telangana	WARANGAL RURAL	2023	1.9
Telangana	WARANGAL RURAL	2023	1.59
Telangana	NALGONDA	2021	1.65
Telangana	NALGONDA	2021	1.15
Telangana	NALGONDA	2021	1.26
Telangana	NALGONDA	2022	1.38
Telangana	NALGONDA	2022	2.62
Telangana	NALGONDA	2022	1.05
Telangana	NALGONDA	2022	1.34
Telangana	NALGONDA	2023	1.82
Telangana	NALGONDA	2023	3.21
Telangana	NALGONDA	2023	1.63
Telangana	ADILABAD	2021	6.47
Telangana	ADILABAD	2021	2.58
Telangana	ADILABAD	2021	2.18
Telangana	ADILABAD	2022	3.71
Telangana	ADILABAD	2022	6.62
Telangana	ADILABAD	2022	1.15
Telangana	ADILABAD	2022	1.65
Telangana	ADILABAD	2023	4.09
Telangana	ADILABAD	2023	6.14
Telangana	ADILABAD	2023	1.52
Telangana	ADILABAD	2022	4.83
Telangana	ADILABAD	2022	10.46
Telangana	ADILABAD	2022	2.21
Telangana	ADILABAD	2022	2.55
Telangana	ADILABAD	2023	10.1
Telangana	ADILABAD	2023	2.26
Telangana	NIZAMABAD	2021	12.41
Telangana	NIZAMABAD	2021	10.29
Telangana	NIZAMABAD	2021	6.06
Telangana	NIZAMABAD	2022	8.21
Telangana	NIZAMABAD	2022	13.12
Telangana	NIZAMABAD	2022	5.48
Telangana	NIZAMABAD	2022	1.53
Telangana	NIZAMABAD	2023	3.06
Telangana	NIZAMABAD	2023	12.53
Telangana	NIZAMABAD	2023	8.63
Telangana	NIZAMABAD	2021	5.7
Telangana	NIZAMABAD	2021	2.79
Telangana	NIZAMABAD	2021	2.15
Telangana	NIZAMABAD	2022	3.39
Telangana	NIZAMABAD	2022	6.9
Telangana	NIZAMABAD	2022	1.15
Telangana	NIZAMABAD	2022	1.52
Telangana	NIZAMABAD	2023	8.33
Telangana	NIZAMABAD	2023	5.29
Telangana	NIZAMABAD	2023	2.37
Telangana	MEDAK	2021	10.54
Telangana	MEDAK	2021	6.35
Telangana	MEDAK	2022	6.91
Telangana	MEDAK	2022	9.24
Telangana	MEDAK	2022	5.4
Telangana	MEDAK	2022	4.53
Telangana	MEDAK	2023	8.97
Telangana	MEDAK	2023	10.5
Telangana	MEDAK	2023	5.41
Telangana	MEDAK	2023	13.05
Telangana	MEDAK	2023	5.45
Telangana	SANGA REDDY	2023	6.1
Telangana	MEDAK	2022	2.69
Telangana	MEDAK	2022	4.61
Telangana	MEDAK	2022	3.48
Telangana	MEDAK	2022	2.92
Telangana	MEDAK	2023	9.66
Telangana	MEDAK	2023	14.37
Telangana	NIZAMABAD	2021	4.06
Telangana	NIZAMABAD	2021	1.56
Telangana	NIZAMABAD	2021	1.41
Telangana	NIZAMABAD	2022	4.7
Telangana	NIZAMABAD	2022	9.1
Telangana	NIZAMABAD	2022	0.76
Telangana	NIZAMABAD	2022	1.63
Telangana	NIZAMABAD	2023	6.51
Telangana	NIZAMABAD	2023	9.12
Telangana	NIZAMABAD	2023	2.6
Telangana	KARIMNAGAR	2021	2.01
Telangana	KARIMNAGAR	2021	-0.4
Telangana	KARIMNAGAR	2021	-0.17
Telangana	KARIMNAGAR	2022	1.18
Telangana	KARIMNAGAR	2022	2.84
Telangana	KARIMNAGAR	2022	-0.13
Telangana	KARIMNAGAR	2023	2.53
Telangana	KARIMNAGAR	2023	5.73
Telangana	KARIMNAGAR	2022	3.95
Telangana	KARIMNAGAR	2022	3.2
Telangana	ADILABAD	2021	2.83
Telangana	ADILABAD	2021	4.23
Telangana	ADILABAD	2021	3.32
Telangana	ADILABAD	2022	4.63
Telangana	ADILABAD	2022	2.7
Telangana	ADILABAD	2022	4.08
Telangana	ADILABAD	2023	6.58
Telangana	ADILABAD	2023	3.98
Telangana	HYDERABAD	2023	4.2
Telangana	HYDERABAD	2022	2.68
Telangana	HYDERABAD	2022	2.51
Telangana	HYDERABAD	2023	4.48
Telangana	HYDERABAD	2023	3.23
Telangana	HYDERABAD	2021	4.08
Telangana	HYDERABAD	2021	3.11
Telangana	HYDERABAD	2021	1.81
Telangana	HYDERABAD	2022	5.16
Telangana	HYDERABAD	2022	9.18
Telangana	HYDERABAD	2022	5.32
Telangana	HYDERABAD	2022	5.2
Telangana	HYDERABAD	2023	8.48
Telangana	HYDERABAD	2023	10.41
Telangana	HYDERABAD	2023	5.62
Telangana	WARANGAL RURAL	2021	1.83
Telangana	WARANGAL RURAL	2021	1.58
Telangana	WARANGAL RURAL	2021	1.03
Telangana	WARANGAL RURAL	2022	2.65
Telangana	WARANGAL RURAL	2022	2.9
Telangana	WARANGAL RURAL	2022	-0.18
Telangana	WARANGAL RURAL	2022	1.2
Telangana	WARANGAL RURAL	2023	2.74
Telangana	WARANGAL RURAL	2023	4.2
Telangana	WARANGAL RURAL	2023	1.54
Telangana	MAHBUBNAGAR	2023	2.21
Telangana	WANAPARTHY	2023	2.21
Telangana	WANAPARTHY	2023	5.18
Telangana	MAHBUBNAGAR	2021	1.08
Telangana	MAHBUBNAGAR	2021	1.43
Telangana	MAHBUBNAGAR	2021	0.83
Telangana	MAHBUBNAGAR	2022	1.93
Telangana	MAHBUBNAGAR	2022	2.93
Telangana	MAHBUBNAGAR	2022	0.4
Telangana	MAHBUBNAGAR	2022	0.61
Telangana	KARIMNAGAR	2023	2.92
Telangana	KARIMNAGAR	2023	2.93
Telangana	KARIMNAGAR	2023	2.23
Telangana	KARIMNAGAR	2021	1.95
Telangana	KARIMNAGAR	2021	2.23
Telangana	KARIMNAGAR	2021	1.69
Telangana	KARIMNAGAR	2022	0.85
Telangana	KARIMNAGAR	2022	2.6
Telangana	KARIMNAGAR	2022	1.34
Telangana	KARIMNAGAR	2022	1.82
Telangana	VIKARABAD	2023	1.45
Telangana	RANGA REDDY	2022	-0.2
Telangana	RANGA REDDY	2022	3.29
Telangana	RANGA REDDY	2023	3.89
Telangana	RANGA REDDY	2022	-0.2
Telangana	RANGA REDDY	2022	0.55
Telangana	RANGA REDDY	2023	1.75
Telangana	RANGA REDDY	2022	2.85
Telangana	RANGA REDDY	2022	6.63
Telangana	RANGA REDDY	2022	-0.51
Telangana	RANGA REDDY	2023	7.91
Telangana	KHAMMAM	2022	0.82
Telangana	KHAMMAM	2022	0.12
Telangana	KHAMMAM	2022	0.2
Telangana	KHAMMAM	2023	0.62
Telangana	KHAMMAM	2023	0.73
Telangana	SIDDIPET	2023	19.6
Telangana	SIDDIPET	2023	20.67
Telangana	WANAPARTHY	2023	7.57
Telangana	WANAPARTHY	2023	9.93
Telangana	NIZAMABAD	2023	3.96
Telangana	NIZAMABAD	2023	4.86
Telangana	NIZAMABAD	2021	-0.19
Telangana	NIZAMABAD	2022	3.11
Telangana	NIZAMABAD	2022	5.28
Telangana	NIZAMABAD	2022	-0.09
Telangana	NIZAMABAD	2022	-0.32
Telangana	NIZAMABAD	2023	1.04
Telangana	MAHBUBNAGAR	2021	4.49
Telangana	MAHBUBNAGAR	2021	6.02
Telangana	MAHBUBNAGAR	2021	6.45
Telangana	MAHBUBNAGAR	2022	6.97
Telangana	MAHBUBNAGAR	2022	9.38
Telangana	MAHBUBNAGAR	2022	8.49
Telangana	MAHBUBNAGAR	2022	6.45
Telangana	MAHBUBNAGAR	2023	7.57
Telangana	MAHBUBNAGAR	2023	9.04
Telangana	YADADRI	2023	5.11
Telangana	NALGONDA	2021	5.37
Telangana	NALGONDA	2021	6.41
Telangana	NALGONDA	2021	4.06
Telangana	NALGONDA	2022	4.23
Telangana	NALGONDA	2022	5.72
Telangana	NALGONDA	2022	3.65
Telangana	NALGONDA	2022	3.77
Telangana	NALGONDA	2023	7.16
Telangana	NALGONDA	2023	7.56
Telangana	HANAMKONDA	2023	1.87
Telangana	WARANGAL RURAL	2021	2.26
Telangana	WARANGAL RURAL	2021	4.03
Telangana	WARANGAL RURAL	2021	1.52
Telangana	WARANGAL RURAL	2022	2.19
Telangana	WARANGAL RURAL	2022	4.62
Telangana	WARANGAL RURAL	2022	0.7
Telangana	WARANGAL RURAL	2023	5.11
Telangana	WARANGAL RURAL	2022	1.08
Telangana	WARANGAL RURAL	2023	4.36
Telangana	WARANGAL RURAL	2023	1.81
Telangana	MEDAK	2021	6.7
Telangana	MEDAK	2021	2
Telangana	MEDAK	2021	4.38
Telangana	MEDAK	2022	4.76
Telangana	MEDAK	2022	3.91
Telangana	MEDAK	2022	1.69
Telangana	MEDAK	2022	3.17
Telangana	MEDAK	2023	7.95
Telangana	MEDAK	2023	2.62
Telangana	WARANGAL RURAL	2021	3.25
Telangana	WARANGAL RURAL	2021	2.02
Telangana	WARANGAL RURAL	2021	2.4
Telangana	WARANGAL RURAL	2022	3.61
Telangana	WARANGAL RURAL	2022	4.68
Telangana	WARANGAL RURAL	2022	1.14
Telangana	WARANGAL RURAL	2022	2.02
Telangana	WARANGAL RURAL	2023	5.9
Telangana	WARANGAL RURAL	2023	1.53
Telangana	RANGA REDDY	2021	69.5
Telangana	RANGA REDDY	2022	10.76
Telangana	RANGA REDDY	2022	7.77
Telangana	RANGA REDDY	2022	7.15
Telangana	RANGA REDDY	2023	9.95
Telangana	RANGA REDDY	2022	7.99
Telangana	RANGA REDDY	2022	7.35
Telangana	RANGA REDDY	2023	10.13
Telangana	WARANGAL RURAL	2023	3.55
Telangana	KHAMMAM	2023	11.2
Telangana	KHAMMAM	2023	10.53
Telangana	KHAMMAM	2023	10.53
Telangana	KHAMMAM	2021	9.82
Telangana	KHAMMAM	2021	9.7
Telangana	KHAMMAM	2021	10.98
Telangana	KHAMMAM	2022	9.97
Telangana	KHAMMAM	2022	10.83
Telangana	KHAMMAM	2022	5.55
Telangana	KHAMMAM	2022	8.92
Telangana	KHAMMAM	2023	10.47
Telangana	WARANGAL RURAL	2021	3.93
Telangana	WARANGAL RURAL	2021	2.21
Telangana	WARANGAL RURAL	2021	1.36
Telangana	WARANGAL RURAL	2022	4.31
Telangana	WARANGAL RURAL	2022	4.93
Telangana	WARANGAL RURAL	2022	-0.1
Telangana	WARANGAL RURAL	2022	1.41
Telangana	WARANGAL RURAL	2023	3.22
Telangana	WARANGAL RURAL	2023	5.7
Telangana	WARANGAL RURAL	2023	0.33
Telangana	MEDAK	2021	11.31
Telangana	MEDAK	2021	23.7
Telangana	MEDAK	2021	10.97
Telangana	MEDAK	2022	12.11
Telangana	MEDAK	2022	16.97
Telangana	MEDAK	2022	11.5
Telangana	MEDAK	2022	8.85
Telangana	MEDAK	2023	14.98
Telangana	MEDAK	2023	12.31
Telangana	SANGA REDDY	2023	10.96
Telangana	MEDAK	2023	10.96
Telangana	MEDAK	2023	2.53
Telangana	MEDAK	2023	4.3
Telangana	MEDAK	2021	4.6
Telangana	MEDAK	2021	1.15
Telangana	MEDAK	2021	2.35
Telangana	MEDAK	2022	2.6
Telangana	MEDAK	2022	9.45
Telangana	MEDAK	2022	1.5
Telangana	MEDAK	2022	0.3
Telangana	MEDAK	2023	14.44
Telangana	ADILABAD	2021	5.37
Telangana	ADILABAD	2021	3.87
Telangana	ADILABAD	2021	3.28
Telangana	ADILABAD	2022	5.35
Telangana	ADILABAD	2022	6.67
Telangana	ADILABAD	2022	4.31
Telangana	NIZAMABAD	2021	6.05
Telangana	NIZAMABAD	2021	4.08
Telangana	NIZAMABAD	2021	2.28
Telangana	NIZAMABAD	2022	3.77
Telangana	NIZAMABAD	2022	7.02
Telangana	NIZAMABAD	2022	1.31
Telangana	NIZAMABAD	2022	1.93
Telangana	NIZAMABAD	2023	4.36
Telangana	NIZAMABAD	2023	7.06
Telangana	NIZAMABAD	2023	3.92
Telangana	BHADRADRI	2023	6.59
Telangana	KHAMMAM	2022	5.77
Telangana	KHAMMAM	2022	7.29
Telangana	KHAMMAM	2022	4.7
Telangana	KHAMMAM	2022	4.92
Telangana	KHAMMAM	2023	7.4
Telangana	KHAMMAM	2023	5.58
Telangana	MEDAK	2023	7.35
Telangana	MEDAK	2023	16.5
Telangana	MEDAK	2023	7.01
Telangana	WANAPARTHY	2023	6.98
Telangana	WANAPARTHY	2023	8.31
Telangana	MAHBUBNAGAR	2022	4.47
Telangana	MAHBUBNAGAR	2022	6.06
Telangana	MAHBUBNAGAR	2022	3.78
Telangana	MAHBUBNAGAR	2022	4.02
Telangana	MAHBUBNAGAR	2023	4.39
Telangana	MAHBUBNAGAR	2021	2.3
Telangana	MAHBUBNAGAR	2021	2.6
Telangana	MAHBUBNAGAR	2021	4.56
Telangana	MAHBUBNAGAR	2022	5.73
Telangana	MAHBUBNAGAR	2022	12.52
Telangana	MAHBUBNAGAR	2022	5.81
Telangana	MAHBUBNAGAR	2022	5.21
Telangana	MAHBUBNAGAR	2023	6.98
Telangana	MAHBUBNAGAR	2023	6.04
Telangana	WANAPARTHY	2023	13.34
Telangana	WANAPARTHY	2023	21.01
Telangana	MAHBUBNAGAR	2021	7.16
Telangana	MAHBUBNAGAR	2021	17.5
Telangana	MAHBUBNAGAR	2021	10.52
Telangana	MAHBUBNAGAR	2022	7.82
Telangana	MAHBUBNAGAR	2022	14.7
Telangana	MAHBUBNAGAR	2022	14.55
Telangana	MAHBUBNAGAR	2022	8.56
Telangana	MAHBUBNAGAR	2023	13.34
Telangana	MAHBUBNAGAR	2023	14.55
Telangana	NALGONDA	2021	1.12
Telangana	NALGONDA	2021	1.28
Telangana	NALGONDA	2021	1.31
Telangana	NALGONDA	2022	1.3
Telangana	NALGONDA	2022	3.15
Telangana	NALGONDA	2022	1.09
Telangana	NALGONDA	2022	0.37
Telangana	NALGONDA	2023	3.71
Telangana	NALGONDA	2023	3.92
Telangana	SIDDIPET	2023	9.7
Telangana	SIDDIPET	2023	14.95
Telangana	MAHBUBNAGAR	2021	2.72
Telangana	MAHBUBNAGAR	2021	2.03
Telangana	MAHBUBNAGAR	2021	2.28
Telangana	MAHBUBNAGAR	2022	2.22
Telangana	MAHBUBNAGAR	2022	3.55
Telangana	MAHBUBNAGAR	2022	0.62
Telangana	MAHBUBNAGAR	2022	1.62
Telangana	MAHBUBNAGAR	2023	2.51
Telangana	MAHBUBNAGAR	2023	2.95
Telangana	NAGARKURNOOL	2023	2.51
Telangana	NAGARKURNOOL	2023	1.88
Telangana	NAGARKURNOOL	2023	2.87
Telangana	NAGARKURNOOL	2023	4.82
Telangana	NAGARKURNOOL	2023	4.43
Telangana	MAHBUBNAGAR	2021	2.08
Telangana	MAHBUBNAGAR	2021	3
Telangana	MAHBUBNAGAR	2021	2.72
Telangana	MAHBUBNAGAR	2022	2.82
Telangana	MAHBUBNAGAR	2022	4.98
Telangana	MAHBUBNAGAR	2022	0.82
Telangana	MAHBUBNAGAR	2022	0.89
Telangana	MAHBUBNAGAR	2023	2.87
Telangana	MAHBUBNAGAR	2022	3.94
Telangana	MAHBUBNAGAR	2022	17
Telangana	MAHBUBNAGAR	2023	14.34
Telangana	RANGA REDDY	2021	3.45
Telangana	RANGA REDDY	2021	2.21
Telangana	RANGA REDDY	2022	4.18
Telangana	RANGA REDDY	2022	3.45
Telangana	RANGA REDDY	2022	1.7
Telangana	RANGA REDDY	2022	2.2
Telangana	RANGA REDDY	2023	5.6
Telangana	RANGA REDDY	2023	3.97
Telangana	VIKARABAD	2023	7.44
Telangana	RANGA REDDY	2021	7.6
Telangana	RANGA REDDY	2021	9.51
Telangana	RANGA REDDY	2021	6.82
Telangana	RANGA REDDY	2022	8.3
Telangana	RANGA REDDY	2022	10.62
Telangana	RANGA REDDY	2022	5.32
Telangana	RANGA REDDY	2022	4.94
Telangana	RANGA REDDY	2023	7.44
Telangana	RANGA REDDY	2023	6.77
Telangana	MAHBUBNAGAR	2021	7.55
Telangana	MAHBUBNAGAR	2021	13.34
Telangana	MAHBUBNAGAR	2021	10.86
Telangana	MAHBUBNAGAR	2022	8.17
Telangana	MAHBUBNAGAR	2022	10.63
Telangana	MAHBUBNAGAR	2022	9.27
Telangana	MAHBUBNAGAR	2022	6.6
Telangana	MAHBUBNAGAR	2023	10.47
Telangana	MAHBUBNAGAR	2023	13.01
Telangana	MAHBUBNAGAR	2023	7.32
Telangana	MAHBUBNAGAR	2021	7.82
Telangana	MAHBUBNAGAR	2021	13.61
Telangana	MAHBUBNAGAR	2021	7.97
Telangana	MAHBUBNAGAR	2022	8.08
Telangana	MAHBUBNAGAR	2022	9.27
Telangana	MAHBUBNAGAR	2022	6.42
Telangana	MAHBUBNAGAR	2023	7.15
Telangana	MAHBUBNAGAR	2023	11.01
Telangana	MAHBUBNAGAR	2023	12.48
Telangana	KHAMMAM	2022	1.19
Telangana	KHAMMAM	2022	0.48
Telangana	KHAMMAM	2022	0.74
Telangana	KHAMMAM	2023	1.69
Telangana	KHAMMAM	2023	0.97
Telangana	WARANGAL RURAL	2021	10.61
Telangana	WARANGAL RURAL	2021	5.47
Telangana	WARANGAL RURAL	2022	6.15
Telangana	WARANGAL RURAL	2022	16.41
Telangana	WARANGAL RURAL	2022	1.52
Telangana	WARANGAL RURAL	2022	5.16
Telangana	WARANGAL RURAL	2023	8.61
Telangana	WARANGAL RURAL	2023	17.6
Telangana	WARANGAL RURAL	2023	5.82
Telangana	KARIMNAGAR	2021	4.63
Telangana	WARANGAL RURAL	2021	1.87
Telangana	WARANGAL RURAL	2021	1.15
Telangana	WARANGAL RURAL	2021	1.31
Telangana	WARANGAL RURAL	2022	1.85
Telangana	WARANGAL RURAL	2022	2.68
Telangana	WARANGAL RURAL	2022	-0.23
Telangana	WARANGAL RURAL	2022	0.97
Telangana	WARANGAL RURAL	2023	2.37
Telangana	WARANGAL RURAL	2023	3.75
Telangana	WARANGAL RURAL	2023	1.43
Telangana	RANGA REDDY	2021	6.79
Telangana	RANGA REDDY	2021	3.88
Telangana	RANGA REDDY	2021	1.25
Telangana	RANGA REDDY	2022	6.33
Telangana	RANGA REDDY	2022	8.21
Telangana	RANGA REDDY	2022	2.2
Telangana	RANGA REDDY	2022	4.44
Telangana	RANGA REDDY	2023	7.69
Telangana	RANGA REDDY	2023	4.83
Telangana	MEDAK	2021	4.85
Telangana	MEDAK	2021	4.4
Telangana	MEDAK	2021	3.45
Telangana	MEDAK	2022	4.42
Telangana	MEDAK	2022	6.12
Telangana	MEDAK	2022	2.65
Telangana	MEDAK	2022	2.24
Telangana	MEDAK	2023	3.59
Telangana	MEDAK	2023	4.29
Telangana	MEDAK	2023	2.82
Telangana	SANGA REDDY	2023	3.59
Telangana	MAHBUBNAGAR	2021	13.33
Telangana	MAHBUBNAGAR	2021	14.88
Telangana	MAHBUBNAGAR	2021	10.28
Telangana	MAHBUBNAGAR	2022	10.26
Telangana	MAHBUBNAGAR	2022	13.42
Telangana	MAHBUBNAGAR	2022	8.85
Telangana	MAHBUBNAGAR	2022	6.55
Telangana	MAHBUBNAGAR	2023	10.94
Telangana	MAHBUBNAGAR	2023	8.01
Telangana	MAHBUBNAGAR	2023	5.76
Telangana	RANGA REDDY	2022	4.33
Telangana	RANGA REDDY	2022	2.68
Telangana	RANGA REDDY	2023	6.21
Telangana	RANGA REDDY	2023	6.09
Telangana	NALGONDA	2023	6.93
Telangana	NALGONDA	2021	3.52
Telangana	NALGONDA	2021	2.93
Telangana	NALGONDA	2021	3.48
Telangana	NALGONDA	2022	3.85
Telangana	NALGONDA	2022	3.54
Telangana	NALGONDA	2022	2.84
Telangana	NALGONDA	2022	2.78
Telangana	NALGONDA	2023	3.59
Telangana	NALGONDA	2023	3.64
Telangana	NALGONDA	2022	5.05
Telangana	NALGONDA	2022	6.57
Telangana	NALGONDA	2022	5.9
Telangana	NALGONDA	2022	2.99
Telangana	NALGONDA	2023	6.18
Telangana	WARANGAL RURAL	2022	0.27
Telangana	WARANGAL RURAL	2022	1.06
Telangana	WARANGAL RURAL	2023	5.96
Telangana	WARANGAL RURAL	2023	0.93
Telangana	JANGAON	2023	3.13
Telangana	WARANGAL RURAL	2021	2.23
Telangana	WARANGAL RURAL	2021	1.74
Telangana	WARANGAL RURAL	2021	1.33
Telangana	WARANGAL RURAL	2022	2.41
Telangana	WARANGAL RURAL	2022	4.17
Telangana	WARANGAL RURAL	2022	1
Telangana	WARANGAL RURAL	2022	1.44
Telangana	WARANGAL RURAL	2023	3.13
Telangana	WARANGAL RURAL	2023	3.86
Telangana	WARANGAL RURAL	2023	1.61
Telangana	WARANGAL RURAL	2022	3.79
Telangana	WARANGAL RURAL	2022	4.27
Telangana	WARANGAL RURAL	2022	1.45
Telangana	WARANGAL RURAL	2022	2.25
Telangana	WARANGAL RURAL	2023	3.72
Telangana	WARANGAL RURAL	2023	2.82
Telangana	ADILABAD	2021	6.01
Telangana	ADILABAD	2021	2.55
Telangana	ADILABAD	2021	4.66
Telangana	ADILABAD	2022	6.22
Telangana	ADILABAD	2022	7.83
Telangana	ADILABAD	2022	3.99
Telangana	ADILABAD	2022	4.46
Telangana	ADILABAD	2023	6.72
Telangana	ADILABAD	2023	9.03
Telangana	ADILABAD	2023	2.26
Telangana	KARIMNAGAR	2023	2.94
Telangana	KARIMNAGAR	2023	4.56
Telangana	KARIMNAGAR	2021	0.25
Telangana	KARIMNAGAR	2022	1.44
Telangana	KARIMNAGAR	2022	7.6
Telangana	KARIMNAGAR	2022	4.25
Telangana	KARIMNAGAR	2023	9.28
Telangana	ADILABAD	2022	4.78
Telangana	ADILABAD	2022	13.1
Telangana	ADILABAD	2022	2.21
Telangana	ADILABAD	2023	13.4
Telangana	ADILABAD	2023	2.58
Telangana	RANGA REDDY	2021	4.5
Telangana	RANGA REDDY	2021	3.94
Telangana	RANGA REDDY	2021	1.23
Telangana	RANGA REDDY	2022	2.76
Telangana	RANGA REDDY	2022	5.7
Telangana	RANGA REDDY	2022	1.2
Telangana	RANGA REDDY	2022	0.59
Telangana	RANGA REDDY	2023	1.36
Telangana	RANGA REDDY	2023	3.21
Telangana	RANGA REDDY	2023	1.75
Telangana	NALGONDA	2023	5.65
Telangana	SURYAPET	2023	2.52
Telangana	NALGONDA	2021	1.63
Telangana	NALGONDA	2021	0.77
Telangana	NALGONDA	2021	1.19
Telangana	NALGONDA	2022	1.73
Telangana	NALGONDA	2022	2.84
Telangana	NALGONDA	2022	0.76
Telangana	NALGONDA	2022	0.99
Telangana	NALGONDA	2023	2.52
Telangana	NALGONDA	2023	3.04
Telangana	WARANGAL RURAL	2022	1.83
Telangana	WARANGAL RURAL	2022	3.63
Telangana	WARANGAL RURAL	2022	1.12
Telangana	WARANGAL RURAL	2023	4.22
Telangana	WARANGAL RURAL	2023	0.89
Telangana	MEDAK	2021	1.38
Telangana	HYDERABAD	2021	3.64
Telangana	HYDERABAD	2021	4.14
Telangana	HYDERABAD	2021	2.45
Telangana	HYDERABAD	2022	4.6
Telangana	HYDERABAD	2022	7.3
Telangana	HYDERABAD	2022	3
Telangana	HYDERABAD	2022	2.97
Telangana	HYDERABAD	2023	5.79
Telangana	HYDERABAD	2023	5.72
Telangana	HYDERABAD	2023	3.24
Telangana	HYDERABAD	2021	3.4
Telangana	HYDERABAD	2022	3.3
Telangana	HYDERABAD	2022	3.25
Telangana	HYDERABAD	2022	3.1
Telangana	HYDERABAD	2023	3.4
Telangana	NALGONDA	2021	0.63
Telangana	NALGONDA	2021	2.13
Telangana	NALGONDA	2021	0.9
Telangana	NALGONDA	2022	2.31
Telangana	NALGONDA	2022	2.95
Telangana	NALGONDA	2022	1.78
Telangana	NALGONDA	2022	2.27
Telangana	NALGONDA	2023	1.56
Telangana	NALGONDA	2023	3.82
Telangana	NALGONDA	2023	1.45
Telangana	WARANGAL RURAL	2021	15.7
Telangana	WARANGAL RURAL	2021	10.82
Telangana	WARANGAL RURAL	2021	10.56
Telangana	WARANGAL RURAL	2022	10.35
Telangana	WARANGAL RURAL	2022	28.88
Telangana	WARANGAL RURAL	2022	22.49
Telangana	WARANGAL RURAL	2022	12.41
Telangana	WARANGAL RURAL	2023	9.99
Telangana	WARANGAL RURAL	2023	37.6
Telangana	WARANGAL RURAL	2023	27.4
Telangana	NALGONDA	2021	8.76
Telangana	NALGONDA	2021	7.15
Telangana	NALGONDA	2021	6.5
Telangana	NALGONDA	2022	8.42
Telangana	NALGONDA	2022	12.54
Telangana	NALGONDA	2022	6.84
Telangana	NALGONDA	2023	12.3
Telangana	NALGONDA	2023	9.38
Telangana	ADILABAD	2023	3.52
Telangana	ADILABAD	2022	3.22
Telangana	ADILABAD	2022	12.15
Telangana	ADILABAD	2023	9.57
Telangana	ADILABAD	2023	9.28
Telangana	MEDAK	2021	5.28
Telangana	MEDAK	2021	3.2
Telangana	MEDAK	2021	5.08
Telangana	MEDAK	2022	7
Telangana	MEDAK	2022	4.97
Telangana	MEDAK	2022	2.53
Telangana	MEDAK	2022	4.86
Telangana	MEDAK	2023	2.9
Telangana	NAGARKURNOOL	2023	3.65
Telangana	NAGARKURNOOL	2023	7.38
Telangana	NAGARKURNOOL	2023	0.11
Telangana	RANGA REDDY	2021	0.7
Telangana	RANGA REDDY	2021	5.4
Telangana	RANGA REDDY	2021	0.7
Telangana	RANGA REDDY	2022	3.22
Telangana	RANGA REDDY	2022	7.4
Telangana	RANGA REDDY	2022	2.1
Telangana	RANGA REDDY	2022	1.6
Telangana	RANGA REDDY	2023	7.4
Telangana	RANGA REDDY	2023	10.9
Telangana	RANGA REDDY	2023	10.56
Telangana	MAHBUBNAGAR	2021	4.26
Telangana	MAHBUBNAGAR	2021	9.34
Telangana	MAHBUBNAGAR	2021	5.62
Telangana	MAHBUBNAGAR	2022	4.6
Telangana	MAHBUBNAGAR	2022	9.17
Telangana	MAHBUBNAGAR	2022	5.09
Telangana	MAHBUBNAGAR	2022	1.36
Telangana	MAHBUBNAGAR	2023	3.65
Telangana	JAGITYAL	2023	2.98
Telangana	JAGITYAL	2023	4.84
Telangana	KARIMNAGAR	2021	4.25
Telangana	KARIMNAGAR	2021	0.78
Telangana	KARIMNAGAR	2021	1.77
Telangana	KARIMNAGAR	2022	3.31
Telangana	KARIMNAGAR	2022	2.98
Telangana	KARIMNAGAR	2022	1.37
Telangana	KARIMNAGAR	2022	2.62
Telangana	KARIMNAGAR	2023	2.98
Telangana	KARIMNAGAR	2023	4.84
Telangana	KARIMNAGAR	2023	2.58
Telangana	MAHBUBNAGAR	2023	5.36
Telangana	MAHBUBNAGAR	2023	8.64
Telangana	MAHBUBNAGAR	2021	8.14
Telangana	MAHBUBNAGAR	2021	7.46
Telangana	MAHBUBNAGAR	2021	5.55
Telangana	MAHBUBNAGAR	2022	5.51
Telangana	MAHBUBNAGAR	2022	11.44
Telangana	MAHBUBNAGAR	2022	7.61
Telangana	MAHBUBNAGAR	2022	3.81
Telangana	MAHBUBNAGAR	2023	10.12
Telangana	NALGONDA	2021	3.78
Telangana	NALGONDA	2021	3.46
Telangana	NALGONDA	2021	3.74
Telangana	NALGONDA	2022	3.89
Telangana	NALGONDA	2022	4.56
Telangana	NALGONDA	2022	3.7
Telangana	NALGONDA	2022	3.28
Telangana	NALGONDA	2023	3.47
Telangana	NALGONDA	2023	5.67
Telangana	NALGONDA	2023	5.25
Telangana	WARANGAL RURAL	2022	6.66
Telangana	NIZAMABAD	2021	2.07
Telangana	NIZAMABAD	2021	0.98
Telangana	NIZAMABAD	2021	1.81
Telangana	NIZAMABAD	2022	2.54
Telangana	NIZAMABAD	2022	3.16
Telangana	NIZAMABAD	2022	1.57
Telangana	NIZAMABAD	2022	1.57
Telangana	NIZAMABAD	2023	2.92
Telangana	NIZAMABAD	2023	2.57
Telangana	NIZAMABAD	2023	1.05
Telangana	ADILABAD	2021	6.05
Telangana	ADILABAD	2021	2.02
Telangana	ADILABAD	2021	2.92
Telangana	ADILABAD	2022	5.09
Telangana	ADILABAD	2022	6.87
Telangana	ADILABAD	2022	4.03
Telangana	ADILABAD	2022	6.3
Telangana	ADILABAD	2023	4.65
Telangana	ADILABAD	2023	7.87
Telangana	ADILABAD	2023	3.48
Telangana	WARANGAL RURAL	2022	3.04
Telangana	WARANGAL RURAL	2022	2.42
Telangana	WARANGAL RURAL	2023	5.3
Telangana	WARANGAL RURAL	2023	4.84
Telangana	ADILABAD	2022	2.81
Telangana	ADILABAD	2022	25.6
Telangana	ADILABAD	2023	20.78
Telangana	ADILABAD	2023	24.32
Telangana	KHAMMAM	2021	1.5
Telangana	KHAMMAM	2021	0.18
Telangana	KHAMMAM	2021	0.27
Telangana	KHAMMAM	2022	1.7
Telangana	KHAMMAM	2022	3.17
Telangana	KHAMMAM	2022	0.72
Telangana	KHAMMAM	2022	0.6
Telangana	KHAMMAM	2023	3.84
Telangana	KHAMMAM	2023	0.94
Telangana	KHAMMAM	2023	0.32
Telangana	KHAMMAM	2022	2.9
Telangana	KHAMMAM	2022	3.32
Telangana	KHAMMAM	2022	1.68
Telangana	KHAMMAM	2022	2.1
Telangana	KHAMMAM	2023	4.1
Telangana	KHAMMAM	2023	1.43
Telangana	WARANGAL RURAL	2021	8.38
Telangana	WARANGAL RURAL	2022	4.41
Telangana	WARANGAL RURAL	2022	4.75
Telangana	WARANGAL RURAL	2022	2.73
Telangana	WARANGAL RURAL	2021	2.28
Telangana	WARANGAL RURAL	2021	3.8
Telangana	WARANGAL RURAL	2021	3.47
Telangana	WARANGAL RURAL	2022	4.65
Telangana	WARANGAL RURAL	2022	7.47
Telangana	WARANGAL RURAL	2022	3.52
Telangana	WARANGAL RURAL	2023	4.81
Telangana	WARANGAL RURAL	2023	5.38
Telangana	WARANGAL RURAL	2023	3.04
Telangana	MULUGU	2023	4.81
Telangana	WARANGAL RURAL	2021	8.09
Telangana	WARANGAL RURAL	2021	3.68
Telangana	WARANGAL RURAL	2022	4.65
Telangana	WARANGAL RURAL	2022	3.63
Telangana	WARANGAL RURAL	2022	5.3
Telangana	WARANGAL RURAL	2023	5.4
Telangana	WARANGAL RURAL	2023	2.98
Telangana	WARANGAL RURAL	2023	5.57
Telangana	RANGA REDDY	2021	7.36
Telangana	RANGA REDDY	2021	7.17
Telangana	RANGA REDDY	2021	4.97
Telangana	RANGA REDDY	2022	6.95
Telangana	RANGA REDDY	2022	17.3
Telangana	RANGA REDDY	2022	3.72
Telangana	RANGA REDDY	2022	5.2
Telangana	RANGA REDDY	2023	8.3
Telangana	RANGA REDDY	2023	7.56
Telangana	VIKARABAD	2023	8.3
Telangana	RANGA REDDY	2021	5.2
Telangana	RANGA REDDY	2021	6.73
Telangana	RANGA REDDY	2021	3.21
Telangana	RANGA REDDY	2022	6.36
Telangana	RANGA REDDY	2022	8.51
Telangana	RANGA REDDY	2022	2.1
Telangana	RANGA REDDY	2023	5.57
Telangana	RANGA REDDY	2023	6.98
Telangana	ADILABAD	2023	11.18
Telangana	ADILABAD	2023	6.72
Telangana	ADILABAD	2022	18.03
Telangana	ADILABAD	2022	3.79
Telangana	ADILABAD	2022	8
Telangana	ADILABAD	2023	18.35
Telangana	RANGA REDDY	2023	3.49
Telangana	KARIMNAGAR	2022	4.79
Telangana	KARIMNAGAR	2022	17.98
Telangana	KARIMNAGAR	2022	4.21
Telangana	KARIMNAGAR	2022	2.71
Telangana	KARIMNAGAR	2023	14.74
Telangana	KARIMNAGAR	2023	12.57
Telangana	MEDAK	2022	11.92
Telangana	MEDAK	2023	15.46
Telangana	MEDAK	2022	17.68
Telangana	MEDAK	2022	21.98
Telangana	MEDAK	2022	11.9
Telangana	WARANGAL RURAL	2021	6.11
Telangana	WARANGAL RURAL	2021	6.89
Telangana	WARANGAL RURAL	2021	5.76
Telangana	WARANGAL RURAL	2022	8.04
Telangana	WARANGAL RURAL	2022	11.41
Telangana	WARANGAL RURAL	2022	3.92
Telangana	WARANGAL RURAL	2022	3.56
Telangana	WARANGAL RURAL	2023	8.99
Telangana	WARANGAL RURAL	2023	5.61
Telangana	JANGAON	2023	6.28
Telangana	MAHBUBNAGAR	2021	3.15
Telangana	MAHBUBNAGAR	2021	1.8
Telangana	MAHBUBNAGAR	2021	2.65
Telangana	MAHBUBNAGAR	2022	3.1
Telangana	MAHBUBNAGAR	2022	4.16
Telangana	MAHBUBNAGAR	2022	2.15
Telangana	MAHBUBNAGAR	2022	2.53
Telangana	MAHBUBNAGAR	2023	4.02
Telangana	MAHBUBNAGAR	2023	5.15
Telangana	NIZAMABAD	2023	6.79
Telangana	NIZAMABAD	2022	6.03
Telangana	NIZAMABAD	2023	9.83
Telangana	NIZAMABAD	2021	2.69
Telangana	NIZAMABAD	2022	6.03
Telangana	NIZAMABAD	2022	9.29
Telangana	NIZAMABAD	2022	3.69
Telangana	NIZAMABAD	2022	2.96
Telangana	NIZAMABAD	2023	9.61
Telangana	MEDAK	2021	10.1
Telangana	MEDAK	2021	8.2
Telangana	MEDAK	2021	9.08
Telangana	MEDAK	2022	11.09
Telangana	MEDAK	2022	18.54
Telangana	MEDAK	2022	11.53
Telangana	MEDAK	2022	8.86
Telangana	MEDAK	2023	11.68
Telangana	MEDAK	2023	18.33
Telangana	MEDAK	2023	3.69
Telangana	SANGA REDDY	2023	11.68
Telangana	MEDAK	2023	2.57
Telangana	MEDAK	2021	2.85
Telangana	MEDAK	2021	18.65
Telangana	MEDAK	2021	2.04
Telangana	MEDAK	2021	1.57
Telangana	MEDAK	2022	2.85
Telangana	MEDAK	2022	7.12
Telangana	MEDAK	2022	1.5
Telangana	MEDAK	2022	1.55
Telangana	MEDAK	2023	6.22
Telangana	MEDAK	2023	1.52
Telangana	MEDAK	2021	9.86
Telangana	MEDAK	2022	11.73
Telangana	MEDAK	2022	20.21
Telangana	MEDAK	2022	12.46
Telangana	MEDAK	2022	9.33
Telangana	MEDAK	2023	17.8
Telangana	MEDAK	2023	16.7
Telangana	NALGONDA	2021	6.84
Telangana	NALGONDA	2021	2.65
Telangana	NALGONDA	2021	1.22
Telangana	NALGONDA	2022	1.75
Telangana	NALGONDA	2022	4.23
Telangana	NALGONDA	2022	3.77
Telangana	NALGONDA	2022	1.28
Telangana	NALGONDA	2023	4.58
Telangana	NALGONDA	2023	2.42
Telangana	WANAPARTHY	2023	17.56
Telangana	WANAPARTHY	2023	21.43
Telangana	MAHBUBNAGAR	2021	4.43
Telangana	MAHBUBNAGAR	2021	5.88
Telangana	MAHBUBNAGAR	2021	14.48
Telangana	MAHBUBNAGAR	2022	13.1
Telangana	MAHBUBNAGAR	2022	18.46
Telangana	MAHBUBNAGAR	2022	14.11
Telangana	MAHBUBNAGAR	2022	16.96
Telangana	MAHBUBNAGAR	2023	17.56
Telangana	MAHBUBNAGAR	2023	13.19
Telangana	RANGA REDDY	2023	1.5
Telangana	RANGA REDDY	2023	0.45
Telangana	RANGA REDDY	2023	1.5
Telangana	RANGA REDDY	2021	0.97
Telangana	RANGA REDDY	2021	1.9
Telangana	RANGA REDDY	2021	0.31
Telangana	RANGA REDDY	2022	1.33
Telangana	RANGA REDDY	2022	3.62
Telangana	RANGA REDDY	2022	0.25
Telangana	RANGA REDDY	2022	0.43
Telangana	RANGA REDDY	2023	2.9
Telangana	SIDDIPET	2023	7.06
Telangana	SIDDIPET	2023	9.57
Telangana	MEDAK	2021	32.73
Telangana	MEDAK	2021	35.3
Telangana	MEDAK	2021	21.43
Telangana	MEDAK	2022	19.64
Telangana	MEDAK	2022	27.51
Telangana	MEDAK	2022	24.06
Telangana	MEDAK	2022	15.2
Telangana	MEDAK	2023	22.3
Telangana	MEDAK	2023	27.55
Telangana	MEDAK	2023	29.68
Telangana	NIRMAL	2023	25.32
Telangana	ADILABAD	2022	17.49
Telangana	ADILABAD	2022	11.52
Telangana	ADILABAD	2022	1.88
Telangana	ADILABAD	2022	1.9
Telangana	ADILABAD	2023	28.29
Telangana	ADILABAD	2023	3.47
Telangana	MAHBUBNAGAR	2021	0.57
Telangana	MAHBUBNAGAR	2021	1.21
Telangana	MAHBUBNAGAR	2022	2.14
Telangana	MAHBUBNAGAR	2022	1.53
Telangana	MAHBUBNAGAR	2022	0.79
Telangana	MAHBUBNAGAR	2022	1.2
Telangana	MAHBUBNAGAR	2023	1.51
Telangana	PEDDAPALLY	2023	4.91
Telangana	KARIMNAGAR	2021	3.76
Telangana	KARIMNAGAR	2021	2.78
Telangana	KARIMNAGAR	2021	2.04
Telangana	KARIMNAGAR	2022	2.72
Telangana	KARIMNAGAR	2022	17.34
Telangana	KARIMNAGAR	2022	0.59
Telangana	KARIMNAGAR	2022	2.48
Telangana	KARIMNAGAR	2023	4.91
Telangana	KARIMNAGAR	2023	5.4
Telangana	KARIMNAGAR	2023	2.03
Telangana	KHAMMAM	2022	0.85
Telangana	KHAMMAM	2022	0.5
Telangana	KHAMMAM	2022	0.59
Telangana	KHAMMAM	2023	1.16
Telangana	KHAMMAM	2023	1.25
Telangana	NALGONDA	2021	4.55
Telangana	NALGONDA	2021	4.12
Telangana	NALGONDA	2021	1.8
Telangana	NALGONDA	2022	2.21
Telangana	NALGONDA	2022	3.71
Telangana	NALGONDA	2022	2.13
Telangana	NALGONDA	2022	2.25
Telangana	NALGONDA	2023	6.1
Telangana	MAHBUBNAGAR	2022	1.5
Telangana	MAHBUBNAGAR	2022	1.7
Telangana	MAHBUBNAGAR	2022	1.36
Telangana	MAHBUBNAGAR	2022	0.58
Telangana	MAHBUBNAGAR	2023	1.37
Telangana	MEDAK	2023	5.7
Telangana	MEDAK	2021	4.98
Telangana	MEDAK	2021	2.15
Telangana	MEDAK	2021	3.8
Telangana	MEDAK	2022	5.28
Telangana	MEDAK	2022	9.77
Telangana	MEDAK	2022	8.74
Telangana	MEDAK	2022	4.13
Telangana	MEDAK	2023	7.85
Telangana	MEDAK	2023	6.13
Telangana	WARANGAL RURAL	2021	1.35
Telangana	WARANGAL RURAL	2021	1.52
Telangana	WARANGAL RURAL	2021	1.05
Telangana	WARANGAL RURAL	2022	1.34
Telangana	WARANGAL RURAL	2022	5
Telangana	WARANGAL RURAL	2022	0.22
Telangana	WARANGAL RURAL	2022	1.3
Telangana	WARANGAL RURAL	2023	1.71
Telangana	WARANGAL RURAL	2023	3.7
Telangana	WARANGAL RURAL	2023	1.42
Telangana	MEDAK	2023	6.7
Telangana	MEDAK	2022	3.36
Telangana	MEDAK	2022	3.35
Telangana	MEDAK	2023	10.82
Telangana	MEDAK	2023	5
Telangana	MEDAK	2021	6.93
Telangana	MEDAK	2021	5.69
Telangana	MEDAK	2021	4.92
Telangana	MEDAK	2022	6.7
Telangana	MEDAK	2022	12.75
Telangana	MEDAK	2022	4.27
Telangana	MEDAK	2022	4.7
Telangana	MEDAK	2023	8.37
Telangana	MEDAK	2023	12.23
Telangana	MEDAK	2023	6.62
Telangana	MEDAK	2021	6.14
Telangana	MEDAK	2021	5.53
Telangana	MEDAK	2021	3.38
Telangana	MEDAK	2022	6.27
Telangana	MEDAK	2022	7.85
Telangana	MEDAK	2022	4.9
Telangana	MEDAK	2022	4.35
Telangana	MEDAK	2023	5.8
Telangana	MEDAK	2023	7.39
Telangana	MEDAK	2023	6.01
Telangana	ADILABAD	2021	5.77
Telangana	ADILABAD	2021	2.47
Telangana	ADILABAD	2021	4.36
Telangana	ADILABAD	2022	5.42
Telangana	ADILABAD	2022	7.12
Telangana	ADILABAD	2022	2.67
Telangana	ADILABAD	2022	3.62
Telangana	ADILABAD	2023	7.1
Telangana	ADILABAD	2023	8.43
Telangana	ADILABAD	2023	5.82
Telangana	NIZAMABAD	2023	2.62
Telangana	NIZAMABAD	2021	1.7
Telangana	NIZAMABAD	2021	2.5
Telangana	NIZAMABAD	2021	1.4
Telangana	NIZAMABAD	2022	1.83
Telangana	NIZAMABAD	2022	4.25
Telangana	NIZAMABAD	2022	1.35
Telangana	NIZAMABAD	2022	1.9
Telangana	NIZAMABAD	2023	5.65
Telangana	NIZAMABAD	2023	3.11
Telangana	KHAMMAM	2023	2.59
Telangana	KHAMMAM	2023	3.16
Telangana	KHAMMAM	2023	2.55
Telangana	RANGA REDDY	2022	2.27
Telangana	RANGA REDDY	2022	4.73
Telangana	RANGA REDDY	2023	4.46
Telangana	RANGA REDDY	2022	8.82
Telangana	RANGA REDDY	2022	31.84
Telangana	RANGA REDDY	2022	4.85
Telangana	RANGA REDDY	2023	9.66
Telangana	KUMURAM BHEEM	2023	5.78
Telangana	ADILABAD	2021	5.34
Telangana	ADILABAD	2021	1.54
Telangana	ADILABAD	2021	2.58
Telangana	ADILABAD	2022	3.79
Telangana	ADILABAD	2023	1.92
Telangana	ADILABAD	2023	10.12
Telangana	MAHBUBNAGAR	2021	3
Telangana	MAHBUBNAGAR	2021	2.3
Telangana	MAHBUBNAGAR	2021	2.4
Telangana	MAHBUBNAGAR	2022	3
Telangana	MAHBUBNAGAR	2022	4.77
Telangana	MAHBUBNAGAR	2022	1.1
Telangana	MAHBUBNAGAR	2022	2.08
Telangana	MAHBUBNAGAR	2023	4.2
Telangana	MAHBUBNAGAR	2023	5.24
Telangana	MAHBUBNAGAR	2023	2.09
Telangana	NALGONDA	2023	5.72
Telangana	MAHBUBNAGAR	2022	0.18
Telangana	MAHBUBNAGAR	2022	2.5
Telangana	MAHBUBNAGAR	2022	0.22
Telangana	MAHBUBNAGAR	2022	-0.19
Telangana	MAHBUBNAGAR	2023	0.91
Telangana	KHAMMAM	2023	3.12
Telangana	KHAMMAM	2021	1.87
Telangana	KHAMMAM	2021	0.47
Telangana	KHAMMAM	2021	2.78
Telangana	KHAMMAM	2022	2.18
Telangana	KHAMMAM	2022	4.75
Telangana	KHAMMAM	2022	0.92
Telangana	KHAMMAM	2022	1.43
Telangana	KHAMMAM	2023	4.51
Telangana	KHAMMAM	2023	2.32
Telangana	ADILABAD	2021	1.96
Telangana	ADILABAD	2021	0.22
Telangana	ADILABAD	2021	0.96
Telangana	ADILABAD	2022	1.48
Telangana	ADILABAD	2022	4.33
Telangana	ADILABAD	2022	0.26
Telangana	ADILABAD	2022	0.56
Telangana	ADILABAD	2023	2.79
Telangana	ADILABAD	2023	3.07
Telangana	ADILABAD	2023	2.09
Telangana	MEDAK	2021	23.26
Telangana	MEDAK	2021	27.3
Telangana	MEDAK	2021	23.55
Telangana	MEDAK	2022	11.31
Telangana	MEDAK	2022	18.16
Telangana	MEDAK	2022	23.47
Telangana	MEDAK	2022	16.42
Telangana	MEDAK	2023	15.71
Telangana	MEDAK	2023	22.73
Telangana	MEDAK	2023	21.66
Telangana	MEDAK	2021	6.7
Telangana	MEDAK	2021	4.15
Telangana	MEDAK	2021	4.11
Telangana	MEDAK	2022	4.97
Telangana	MEDAK	2022	9.49
Telangana	MEDAK	2022	3.79
Telangana	MEDAK	2023	5.12
Telangana	MEDAK	2023	9.03
Telangana	KHAMMAM	2023	6.6
Telangana	KARIMNAGAR	2021	9.32
Telangana	KARIMNAGAR	2021	7.22
Telangana	KARIMNAGAR	2021	3.96
Telangana	KARIMNAGAR	2022	7.37
Telangana	KARIMNAGAR	2022	17.75
Telangana	KARIMNAGAR	2022	6.41
Telangana	KARIMNAGAR	2022	5.69
Telangana	KARIMNAGAR	2023	18.57
Telangana	KARIMNAGAR	2023	12.8
Telangana	KARIMNAGAR	2023	13.31
Telangana	SANGA REDDY	2023	18.7
Telangana	MEDAK	2021	18.72
Telangana	MEDAK	2021	29.84
Telangana	MEDAK	2021	20.58
Telangana	MEDAK	2022	19.62
Telangana	MEDAK	2022	25.68
Telangana	MEDAK	2022	21.35
Telangana	MEDAK	2022	17.7
Telangana	MEDAK	2023	18.7
Telangana	MEDAK	2023	28.14
Telangana	MEDAK	2023	22.13
Telangana	SANGA REDDY	2023	12.04
Telangana	MEDAK	2021	14.65
Telangana	MEDAK	2021	32.59
Telangana	MEDAK	2021	16.11
Telangana	MEDAK	2022	15.08
Telangana	MEDAK	2022	22.01
Telangana	MEDAK	2022	11.89
Telangana	MEDAK	2022	10.31
Telangana	MEDAK	2023	12.04
Telangana	MEDAK	2023	14.41
Telangana	MEDAK	2023	13.48
Telangana	MAHBUBNAGAR	2021	5.86
Telangana	MAHBUBNAGAR	2021	5.68
Telangana	MAHBUBNAGAR	2022	6.33
Telangana	MAHBUBNAGAR	2022	6.76
Telangana	MAHBUBNAGAR	2022	5.14
Telangana	MAHBUBNAGAR	2022	5.46
Telangana	MAHBUBNAGAR	2023	4.84
Telangana	NALGONDA	2023	9.81
Telangana	YADADRI	2023	6.79
Telangana	NALGONDA	2021	5.83
Telangana	NALGONDA	2021	3.89
Telangana	NALGONDA	2021	2.9
Telangana	NALGONDA	2022	4.33
Telangana	NALGONDA	2022	8.76
Telangana	NALGONDA	2022	3.79
Telangana	NALGONDA	2022	3.45
Telangana	NALGONDA	2023	5.84
Telangana	NIZAMABAD	2022	0.07
Telangana	NIZAMABAD	2022	-0.09
Telangana	NIZAMABAD	2022	0.19
Telangana	NIZAMABAD	2023	11.28
Telangana	NIZAMABAD	2023	1.09
Telangana	NIZAMABAD	2022	-0.05
Telangana	NIZAMABAD	2022	0.17
Telangana	NIZAMABAD	2023	12.95
Telangana	NIZAMABAD	2023	0.94
Telangana	NIZAMABAD	2022	3.21
Telangana	NIZAMABAD	2022	2.27
Telangana	NIZAMABAD	2023	7.17
Telangana	NIZAMABAD	2023	4.58
Telangana	ADILABAD	2021	5.46
Telangana	ADILABAD	2022	8.39
Telangana	ADILABAD	2022	8.21
Telangana	ADILABAD	2022	4.55
Telangana	ADILABAD	2022	4.1
Telangana	ADILABAD	2023	13.92
Telangana	ADILABAD	2023	5.88
Telangana	RANGA REDDY	2023	5.75
Telangana	RANGA REDDY	2022	5.22
Telangana	RANGA REDDY	2022	9.66
Telangana	RANGA REDDY	2022	2.32
Telangana	RANGA REDDY	2022	3.21
Telangana	RANGA REDDY	2023	7.65
Telangana	RANGA REDDY	2023	3.46
Telangana	RANGA REDDY	2021	3.66
Telangana	RANGA REDDY	2021	3.34
Telangana	RANGA REDDY	2021	3.65
Telangana	RANGA REDDY	2022	3.25
Telangana	RANGA REDDY	2022	3.22
Telangana	RANGA REDDY	2022	3.18
Telangana	RANGA REDDY	2022	3.15
Telangana	RANGA REDDY	2023	3.79
Telangana	RANGA REDDY	2023	3.2
Telangana	RANGA REDDY	2023	2.73
Telangana	MAHBUBNAGAR	2022	1.11
Telangana	MAHBUBNAGAR	2022	1.2
Telangana	MAHBUBNAGAR	2023	2.24
Telangana	RANGA REDDY	2023	22.45
Telangana	MAHBUBNAGAR	2022	2.75
Telangana	MAHBUBNAGAR	2022	2.72
Telangana	MAHBUBNAGAR	2023	10.43
Telangana	MAHBUBNAGAR	2023	41.34
Telangana	MAHBUBNAGAR	2022	3.25
Telangana	MAHBUBNAGAR	2022	3.35
Telangana	MAHBUBNAGAR	2023	9.84
Telangana	NALGONDA	2021	2.93
Telangana	NALGONDA	2021	3.77
Telangana	NALGONDA	2021	1.87
Telangana	NALGONDA	2022	2.53
Telangana	NALGONDA	2022	5.84
Telangana	NALGONDA	2022	5.98
Telangana	NALGONDA	2022	3.22
Telangana	NALGONDA	2023	9.3
Telangana	NALGONDA	2023	4.97
Telangana	NALGONDA	2021	2.7
Telangana	NALGONDA	2021	6.81
Telangana	NALGONDA	2021	1.63
Telangana	NALGONDA	2022	25.3
Telangana	NALGONDA	2022	29.88
Telangana	NALGONDA	2022	2.81
Telangana	NALGONDA	2023	28.2
Telangana	NALGONDA	2023	4.03
Telangana	RANGA REDDY	2021	6.88
Telangana	RANGA REDDY	2022	6.67
Telangana	RANGA REDDY	2022	3.62
Telangana	RANGA REDDY	2022	3.98
Telangana	RANGA REDDY	2023	2.72
Telangana	RANGA REDDY	2021	5.41
Telangana	RANGA REDDY	2022	6.21
Telangana	RANGA REDDY	2022	5.4
Telangana	RANGA REDDY	2022	3.2
Telangana	RANGA REDDY	2022	4.12
Telangana	RANGA REDDY	2023	6.29
Telangana	RANGA REDDY	2023	4.34
Telangana	NALGONDA	2021	0.49
Telangana	NALGONDA	2021	0.87
Telangana	NALGONDA	2021	0.9
Telangana	NALGONDA	2022	0.41
Telangana	NALGONDA	2022	2.95
Telangana	NALGONDA	2022	1.39
Telangana	NALGONDA	2022	1.01
Telangana	NALGONDA	2023	1.3
Telangana	NALGONDA	2023	4.42
Telangana	NALGONDA	2023	4.35
Telangana	KHAMMAM	2021	5.6
Telangana	KHAMMAM	2021	5.73
Telangana	KHAMMAM	2021	5.28
Telangana	KHAMMAM	2022	6.11
Telangana	KHAMMAM	2022	8.26
Telangana	KHAMMAM	2022	2.2
Telangana	KHAMMAM	2022	3.37
Telangana	KHAMMAM	2023	5.85
Telangana	KHAMMAM	2023	7.84
Telangana	KHAMMAM	2023	7
Telangana	KARIMNAGAR	2021	5.16
Telangana	KARIMNAGAR	2021	2.87
Telangana	KARIMNAGAR	2021	2.93
Telangana	KARIMNAGAR	2022	5.2
Telangana	KARIMNAGAR	2022	10.13
Telangana	KARIMNAGAR	2022	3.61
Telangana	KARIMNAGAR	2022	1.83
Telangana	KARIMNAGAR	2023	5.99
Telangana	KARIMNAGAR	2023	8.35
Telangana	KARIMNAGAR	2023	3.85
Telangana	SIDDIPET	2023	5.99
Telangana	WARANGAL RURAL	2021	0.58
Telangana	WARANGAL RURAL	2021	0.92
Telangana	WARANGAL RURAL	2021	0.58
Telangana	WARANGAL RURAL	2022	1.14
Telangana	WARANGAL RURAL	2022	2.76
Telangana	WARANGAL RURAL	2022	0.39
Telangana	WARANGAL RURAL	2023	0.88
Telangana	WARANGAL RURAL	2023	2.1
Telangana	WARANGAL RURAL	2023	0.15
Telangana	MAHBUBNAGAR	2022	2.4
Telangana	MAHBUBNAGAR	2022	2.51
Telangana	ADILABAD	2022	12.13
Telangana	ADILABAD	2022	13.28
Telangana	ADILABAD	2022	9.89
Telangana	ADILABAD	2022	11.15
Telangana	ADILABAD	2023	14.37
Telangana	ADILABAD	2023	13.06
Telangana	KHAMMAM	2021	7.09
Telangana	KHAMMAM	2021	6.25
Telangana	KHAMMAM	2021	6.63
Telangana	KHAMMAM	2022	7.24
Telangana	KHAMMAM	2022	9.5
Telangana	KHAMMAM	2022	5.93
Telangana	KHAMMAM	2022	6.05
Telangana	KHAMMAM	2023	8.46
Telangana	KHAMMAM	2023	9.75
Telangana	KHAMMAM	2023	8.08
Telangana	KARIMNAGAR	2022	2.68
Telangana	KARIMNAGAR	2022	2.22
Telangana	KARIMNAGAR	2023	10.94
Telangana	KARIMNAGAR	2023	11.96
Telangana	MEDAK	2021	22.94
Telangana	ADILABAD	2021	6.36
Telangana	ADILABAD	2021	1.37
Telangana	ADILABAD	2021	3.64
Telangana	ADILABAD	2022	3.63
Telangana	ADILABAD	2022	7.15
Telangana	ADILABAD	2022	1.49
Telangana	ADILABAD	2022	1.6
Telangana	ADILABAD	2023	4.06
Telangana	ADILABAD	2023	7.75
Telangana	ADILABAD	2023	1.97
Telangana	NIRMAL	2023	4.06
Telangana	KHAMMAM	2021	2.91
Telangana	KHAMMAM	2021	2.22
Telangana	KHAMMAM	2021	2.74
Telangana	KHAMMAM	2022	2.98
Telangana	KHAMMAM	2022	5.48
Telangana	KHAMMAM	2022	1.75
Telangana	KHAMMAM	2023	5.55
Telangana	KHAMMAM	2023	2.85
Telangana	RANGA REDDY	2021	8.74
Telangana	RANGA REDDY	2021	6.26
Telangana	RANGA REDDY	2022	9.85
Telangana	RANGA REDDY	2022	11.16
Telangana	RANGA REDDY	2022	10.48
Telangana	RANGA REDDY	2022	7.3
Telangana	RANGA REDDY	2023	10.02
Telangana	RANGA REDDY	2023	11.4
Telangana	RANGA REDDY	2023	9.22
Telangana	RANGA REDDY	2023	9.37
Telangana	RANGA REDDY	2023	10.02
Telangana	MAHBUBNAGAR	2022	10.23
Telangana	MAHBUBNAGAR	2022	9.48
Telangana	MAHBUBNAGAR	2022	9.27
Telangana	MAHBUBNAGAR	2022	8.61
Telangana	MAHBUBNAGAR	2023	8.01
Telangana	NALGONDA	2021	4.1
Telangana	NALGONDA	2021	4
Telangana	NALGONDA	2021	1.72
Telangana	NALGONDA	2021	1.84
Telangana	NALGONDA	2021	0.77
Telangana	NALGONDA	2022	1.15
Telangana	MEDAK	2021	2.68
Telangana	MEDAK	2021	1.48
Telangana	MEDAK	2022	3.39
Telangana	MEDAK	2022	5.04
Telangana	MEDAK	2022	0.37
Telangana	MEDAK	2022	0.19
Telangana	MEDAK	2023	3.23
Telangana	MEDAK	2023	5.01
Telangana	MEDAK	2023	0.76
Telangana	SANGA REDDY	2023	3.23
Telangana	NALGONDA	2021	2.41
Telangana	NALGONDA	2021	2.07
Telangana	NALGONDA	2021	2.25
Telangana	NALGONDA	2022	2.53
Telangana	NALGONDA	2022	2.95
Telangana	NALGONDA	2022	2.66
Telangana	NALGONDA	2022	2.11
Telangana	NALGONDA	2023	2.82
Telangana	NALGONDA	2023	3.94
Telangana	NALGONDA	2023	4.49
Telangana	WARANGAL RURAL	2021	2.29
Telangana	WARANGAL RURAL	2021	1.84
Telangana	WARANGAL RURAL	2021	1.81
Telangana	WARANGAL RURAL	2022	3.01
Telangana	WARANGAL RURAL	2022	3.43
Telangana	WARANGAL RURAL	2022	1.86
Telangana	WARANGAL RURAL	2022	1.36
Telangana	WARANGAL RURAL	2023	3.04
Telangana	WARANGAL RURAL	2023	4.2
Telangana	WARANGAL RURAL	2023	1.86
Telangana	KHAMMAM	2022	0.67
Telangana	KHAMMAM	2022	0.8
Telangana	KHAMMAM	2023	6
Telangana	KHAMMAM	2023	2.13
Telangana	KHAMMAM	2022	2.6
Telangana	KHAMMAM	2022	3.1
Telangana	KHAMMAM	2023	8.11
Telangana	KHAMMAM	2023	3.15
Telangana	RANGA REDDY	2021	17.01
Telangana	RANGA REDDY	2022	17.03
Telangana	RANGA REDDY	2022	17.13
Telangana	RANGA REDDY	2022	17.14
Telangana	RANGA REDDY	2022	17.25
Telangana	RANGA REDDY	2023	17.65
Telangana	RANGA REDDY	2023	17.47
Telangana	RANGA REDDY	2023	17.65
Telangana	RANGA REDDY	2023	7.51
Telangana	NIZAMABAD	2023	6.85
Telangana	NIZAMABAD	2021	7.9
Telangana	NIZAMABAD	2021	3.58
Telangana	NIZAMABAD	2021	3.73
Telangana	NIZAMABAD	2022	7.24
Telangana	NIZAMABAD	2022	8.22
Telangana	NIZAMABAD	2022	5.35
Telangana	NIZAMABAD	2022	2.55
Telangana	NIZAMABAD	2023	7.82
Telangana	NIZAMABAD	2023	10.28
Telangana	NALGONDA	2021	2.31
Telangana	NALGONDA	2021	1.74
Telangana	NALGONDA	2021	2.11
Telangana	NALGONDA	2022	1.92
Telangana	NALGONDA	2022	2.47
Telangana	NALGONDA	2022	1.81
Telangana	NALGONDA	2022	1.84
Telangana	NALGONDA	2023	2.61
Telangana	NALGONDA	2023	3.16
Telangana	NALGONDA	2023	2.52
Telangana	RANGA REDDY	2021	5.93
Telangana	RANGA REDDY	2021	9.54
Telangana	RANGA REDDY	2021	4.85
Telangana	RANGA REDDY	2022	8.15
Telangana	RANGA REDDY	2022	13.57
Telangana	RANGA REDDY	2022	11.3
Telangana	RANGA REDDY	2022	9.47
Telangana	RANGA REDDY	2023	14.12
Telangana	RANGA REDDY	2023	14.76
Telangana	RANGA REDDY	2023	10.57
Telangana	RANGA REDDY	2023	12.57
Telangana	RANGA REDDY	2021	6.14
Telangana	RANGA REDDY	2021	9.43
Telangana	RANGA REDDY	2021	4.32
Telangana	RANGA REDDY	2022	7.9
Telangana	RANGA REDDY	2022	13.82
Telangana	RANGA REDDY	2022	11.64
Telangana	RANGA REDDY	2022	9.7
Telangana	RANGA REDDY	2023	12.57
Telangana	RANGA REDDY	2023	16.57
Telangana	RANGA REDDY	2023	10.91
Telangana	MEDAK	2023	19.11
Telangana	MEDAK	2023	23.35
Telangana	MEDAK	2023	24.9
Telangana	RANGA REDDY	2021	6.1
Telangana	RANGA REDDY	2021	3.42
Telangana	RANGA REDDY	2022	9.07
Telangana	RANGA REDDY	2022	14.4
Telangana	RANGA REDDY	2022	2.15
Telangana	RANGA REDDY	2022	2
Telangana	RANGA REDDY	2023	3.12
Telangana	RANGA REDDY	2023	8.39
Telangana	RANGA REDDY	2023	2.61
Telangana	HYDERABAD	2023	1.71
Telangana	HYDERABAD	2023	2.66
Telangana	HYDERABAD	2023	2.56
Telangana	SANGA REDDY	2023	8.3
Telangana	MEDAK	2023	7.29
Telangana	MEDAK	2023	13.07
Telangana	MEDAK	2023	9.63
Telangana	MEDAK	2021	15.49
Telangana	MEDAK	2021	23.39
Telangana	MEDAK	2021	11.56
Telangana	MEDAK	2022	12.05
Telangana	MEDAK	2022	18.76
Telangana	MEDAK	2022	5.53
Telangana	MEDAK	2022	3.85
Telangana	MEDAK	2023	8.3
Telangana	MEDAK	2023	14.43
Telangana	MEDAK	2023	4.92
Telangana	MEDAK	2021	5.58
Telangana	MEDAK	2021	5.55
Telangana	MEDAK	2022	8.42
Telangana	MEDAK	2022	21.68
Telangana	MEDAK	2022	2.76
Telangana	MEDAK	2022	5.01
Telangana	MEDAK	2023	16.05
Telangana	MEDAK	2023	8.5
Telangana	VIKARABAD	2023	16.33
Telangana	RANGA REDDY	2021	8.64
Telangana	RANGA REDDY	2021	11.71
Telangana	RANGA REDDY	2021	4.84
Telangana	RANGA REDDY	2022	7.58
Telangana	RANGA REDDY	2022	64.04
Telangana	RANGA REDDY	2022	5.15
Telangana	RANGA REDDY	2022	5.04
Telangana	RANGA REDDY	2023	16.33
Telangana	MAHBUBNAGAR	2022	0.4
Telangana	MAHBUBNAGAR	2022	2.62
Telangana	MAHBUBNAGAR	2022	0.23
Telangana	MAHBUBNAGAR	2022	-0.17
Telangana	MAHBUBNAGAR	2023	0.33
Telangana	MEDAK	2021	7.38
Telangana	MEDAK	2021	7.05
Telangana	MEDAK	2021	5.02
Telangana	MEDAK	2022	7.57
Telangana	MEDAK	2022	13.35
Telangana	MEDAK	2022	5.95
Telangana	MEDAK	2022	6.2
Telangana	MEDAK	2023	12.57
Telangana	MEDAK	2023	8.19
Telangana	SANGA REDDY	2023	8.49
Telangana	KARIMNAGAR	2022	1.01
Telangana	KARIMNAGAR	2022	6.59
Telangana	KARIMNAGAR	2022	0.39
Telangana	KARIMNAGAR	2022	0.73
Telangana	KARIMNAGAR	2023	2.52
Telangana	KARIMNAGAR	2023	1
Telangana	RANGA REDDY	2021	6.63
Telangana	RANGA REDDY	2021	8.34
Telangana	RANGA REDDY	2021	4.01
Telangana	RANGA REDDY	2022	8
Telangana	RANGA REDDY	2022	8.5
Telangana	RANGA REDDY	2022	3.9
Telangana	RANGA REDDY	2022	5.23
Telangana	RANGA REDDY	2023	8.28
Telangana	RANGA REDDY	2023	5.99
Telangana	ADILABAD	2021	1.49
Telangana	ADILABAD	2021	0.07
Telangana	ADILABAD	2021	1.43
Telangana	ADILABAD	2022	2.63
Telangana	ADILABAD	2022	5.09
Telangana	ADILABAD	2022	0.53
Telangana	ADILABAD	2022	1.23
Telangana	ADILABAD	2023	3.83
Telangana	ADILABAD	2023	5.26
Telangana	ADILABAD	2023	3.06
Telangana	ADILABAD	2021	2.6
Telangana	ADILABAD	2021	0.6
Telangana	ADILABAD	2021	1.7
Telangana	ADILABAD	2022	2.38
Telangana	ADILABAD	2022	4.85
Telangana	ADILABAD	2022	0.88
Telangana	ADILABAD	2022	1.6
Telangana	ADILABAD	2023	3.37
Telangana	ADILABAD	2023	4.24
Telangana	ADILABAD	2023	1.7
Telangana	KHAMMAM	2023	5.51
Telangana	KHAMMAM	2023	5.38
Telangana	KHAMMAM	2021	5.92
Telangana	KHAMMAM	2021	2.83
Telangana	KHAMMAM	2021	5
Telangana	KHAMMAM	2022	2.81
Telangana	KHAMMAM	2022	3.91
Telangana	KHAMMAM	2022	2.58
Telangana	KHAMMAM	2022	5.12
Telangana	KHAMMAM	2023	5.76
Telangana	ADILABAD	2021	5.34
Telangana	ADILABAD	2021	2.52
Telangana	ADILABAD	2021	3.4
Telangana	ADILABAD	2022	4.27
Telangana	ADILABAD	2022	4.3
Telangana	ADILABAD	2023	4.98
Telangana	ADILABAD	2023	5.05
Telangana	ADILABAD	2023	2.18
Telangana	SANGA REDDY	2023	3.63
Telangana	MEDAK	2021	3.72
Telangana	MEDAK	2021	0.02
Telangana	MEDAK	2021	2.08
Telangana	MEDAK	2022	3.47
Telangana	MEDAK	2022	6.42
Telangana	MEDAK	2022	1.7
Telangana	MEDAK	2022	1
Telangana	MEDAK	2023	3.63
Telangana	MEDAK	2023	5.07
Telangana	MEDAK	2023	1.79
Telangana	MEDAK	2023	22.8
Telangana	NALGONDA	2021	0.6
Telangana	NALGONDA	2021	0.59
Telangana	NALGONDA	2021	2.82
Telangana	NALGONDA	2022	0.81
Telangana	NALGONDA	2022	3.31
Telangana	NALGONDA	2022	0.46
Telangana	NALGONDA	2022	0.47
Telangana	NALGONDA	2023	1.09
Telangana	NALGONDA	2023	3.69
Telangana	NALGONDA	2023	3.96
Telangana	ADILABAD	2023	1.23
Telangana	ADILABAD	2023	3.22
Telangana	ADILABAD	2021	3.12
Telangana	ADILABAD	2021	0.98
Telangana	ADILABAD	2021	4.4
Telangana	ADILABAD	2022	2.35
Telangana	ADILABAD	2022	4.17
Telangana	ADILABAD	2022	1.18
Telangana	ADILABAD	2022	1.32
Telangana	ADILABAD	2023	4.72
Telangana	NIZAMABAD	2022	9.09
Telangana	NIZAMABAD	2022	2
Telangana	NIZAMABAD	2023	16.19
Telangana	NIZAMABAD	2023	5.08
Telangana	KHAMMAM	2022	6.42
Telangana	KHAMMAM	2022	1.14
Telangana	KHAMMAM	2022	2.88
Telangana	KHAMMAM	2023	6.26
Telangana	KHAMMAM	2023	2.92
Telangana	RANGA REDDY	2022	8.91
Telangana	RANGA REDDY	2022	16.13
Telangana	RANGA REDDY	2022	12.03
Telangana	RANGA REDDY	2022	7.35
Telangana	RANGA REDDY	2023	5.07
Telangana	KARIMNAGAR	2021	2.25
Telangana	KARIMNAGAR	2021	1.55
Telangana	KARIMNAGAR	2021	1.8
Telangana	ADILABAD	2022	32
Telangana	ADILABAD	2022	47.05
Telangana	ADILABAD	2023	97.98
Telangana	ADILABAD	2023	10.18
Telangana	NALGONDA	2021	4.1
Telangana	NALGONDA	2021	3.29
Telangana	NALGONDA	2021	3.72
Telangana	NALGONDA	2022	4.69
Telangana	NALGONDA	2022	5.75
Telangana	NALGONDA	2022	3.17
Telangana	NALGONDA	2022	3.52
Telangana	NALGONDA	2023	5.11
Telangana	NALGONDA	2023	6.25
Telangana	NALGONDA	2023	1.75
Telangana	SURYAPET	2023	3.34
Telangana	NALGONDA	2021	2.76
Telangana	NALGONDA	2021	1.76
Telangana	NALGONDA	2021	1.98
Telangana	NALGONDA	2022	2.79
Telangana	NALGONDA	2022	3.49
Telangana	NALGONDA	2022	1.3
Telangana	NALGONDA	2022	2.24
Telangana	NALGONDA	2023	3.34
Telangana	NALGONDA	2023	4.35
Telangana	NALGONDA	2023	3.05
Telangana	SURYAPET	2023	5.11
Telangana	KARIMNAGAR	2021	2.08
Telangana	KARIMNAGAR	2021	1.81
Telangana	KARIMNAGAR	2021	0.92
Telangana	KARIMNAGAR	2022	2.07
Telangana	KARIMNAGAR	2022	3.1
Telangana	KARIMNAGAR	2022	0.43
Telangana	KARIMNAGAR	2022	0.91
Telangana	KARIMNAGAR	2023	2.75
Telangana	KARIMNAGAR	2023	0.94
Telangana	MEDAK	2021	8.05
Telangana	MEDAK	2021	8.1
Telangana	MEDAK	2021	5.98
Telangana	MEDAK	2022	7.9
Telangana	MEDAK	2022	15.21
Telangana	MEDAK	2022	7.3
Telangana	MEDAK	2022	7.81
Telangana	MEDAK	2023	14.51
Telangana	MEDAK	2023	9.17
Telangana	SANGA REDDY	2023	10.51
Telangana	MAHBUBNAGAR	2021	0.17
Telangana	MAHBUBNAGAR	2021	0.35
Telangana	MAHBUBNAGAR	2021	0.86
Telangana	MAHBUBNAGAR	2022	0.06
Telangana	MAHBUBNAGAR	2022	0.63
Telangana	MAHBUBNAGAR	2022	-0.22
Telangana	MAHBUBNAGAR	2022	0.01
Telangana	MAHBUBNAGAR	2023	0.86
Telangana	NIZAMABAD	2023	10.97
Telangana	NIZAMABAD	2023	10.25
Telangana	NIZAMABAD	2023	6.75
Telangana	NIZAMABAD	2021	5.82
Telangana	NIZAMABAD	2021	3.21
Telangana	NIZAMABAD	2021	1.88
Telangana	NIZAMABAD	2022	5.34
Telangana	NIZAMABAD	2022	9.22
Telangana	NIZAMABAD	2022	2.29
Telangana	NIZAMABAD	2022	2.5
Telangana	NIZAMABAD	2023	8.29
Telangana	NIZAMABAD	2023	5.58
Telangana	NIZAMABAD	2023	3.81
Telangana	WARANGAL RURAL	2021	1.29
Telangana	WARANGAL RURAL	2021	0.75
Telangana	WARANGAL RURAL	2021	0.9
Telangana	WARANGAL RURAL	2022	1.36
Telangana	WARANGAL RURAL	2022	4.71
Telangana	WARANGAL RURAL	2022	1.29
Telangana	WARANGAL RURAL	2023	3.2
Telangana	WARANGAL RURAL	2023	3.55
Telangana	WARANGAL RURAL	2023	0.64
Telangana	NIZAMABAD	2021	7.2
Telangana	NIZAMABAD	2021	3.96
Telangana	NIZAMABAD	2021	6.86
Telangana	NIZAMABAD	2022	8.16
Telangana	NIZAMABAD	2022	8.83
Telangana	NIZAMABAD	2022	6.76
Telangana	NIZAMABAD	2022	6.68
Telangana	NIZAMABAD	2023	9.24
Telangana	NIZAMABAD	2023	10.78
Telangana	NIZAMABAD	2023	5.83
Telangana	RANGA REDDY	2023	8.48
Telangana	RANGA REDDY	2023	10.03
Telangana	MEDAK	2021	14.88
Telangana	MEDAK	2021	13.52
Telangana	MEDAK	2021	38.23
Telangana	MEDAK	2022	12.56
Telangana	MEDAK	2022	18.85
Telangana	MEDAK	2022	11.4
Telangana	MEDAK	2022	6.17
Telangana	MEDAK	2023	10.15
Telangana	MEDAK	2023	15.08
Telangana	MEDAK	2023	26
Telangana	SANGA REDDY	2023	10.15
Telangana	MAHBUBNAGAR	2021	12.24
Telangana	MAHBUBNAGAR	2021	14.8
Telangana	MAHBUBNAGAR	2021	12.92
Telangana	MAHBUBNAGAR	2022	13.5
Telangana	MAHBUBNAGAR	2022	17.63
Telangana	MAHBUBNAGAR	2022	14.55
Telangana	MAHBUBNAGAR	2022	7.78
Telangana	MAHBUBNAGAR	2023	11.41
Telangana	NALGONDA	2022	15.59
Telangana	NALGONDA	2023	12.69
Telangana	NALGONDA	2023	20.26
Telangana	NALGONDA	2022	14.45
Telangana	NALGONDA	2022	11.02
Telangana	NALGONDA	2023	12.95
Telangana	WARANGAL RURAL	2022	7.48
Telangana	WARANGAL RURAL	2023	11.65
Telangana	VIKARABAD	2023	7.19
Telangana	RANGA REDDY	2021	6.95
Telangana	RANGA REDDY	2021	9.41
Telangana	RANGA REDDY	2021	3.37
Telangana	RANGA REDDY	2022	7.13
Telangana	RANGA REDDY	2022	11.8
Telangana	RANGA REDDY	2022	6.55
Telangana	RANGA REDDY	2022	3.4
Telangana	RANGA REDDY	2023	7.19
Telangana	RANGA REDDY	2023	7.29
Telangana	RANGA REDDY	2023	50.1
Telangana	RANGA REDDY	2022	53.02
Telangana	RANGA REDDY	2022	77.86
Telangana	RANGA REDDY	2022	67.47
Telangana	RANGA REDDY	2022	58.73
Telangana	RANGA REDDY	2023	52
Telangana	ADILABAD	2021	2.8
Telangana	ADILABAD	2021	0.98
Telangana	ADILABAD	2021	1.35
Telangana	ADILABAD	2022	3.64
Telangana	ADILABAD	2022	3.77
Telangana	ADILABAD	2022	1.15
Telangana	ADILABAD	2022	1.4
Telangana	ADILABAD	2023	3.9
Telangana	ADILABAD	2023	5.11
Telangana	ADILABAD	2023	1.92
Telangana	HYDERABAD	2021	8.64
Telangana	HYDERABAD	2021	3.04
Telangana	HYDERABAD	2021	2.55
Telangana	HYDERABAD	2022	12.24
Telangana	HYDERABAD	2022	15.21
Telangana	HYDERABAD	2022	12.95
Telangana	HYDERABAD	2022	6.92
Telangana	HYDERABAD	2023	7.89
Telangana	HYDERABAD	2023	3.79
Telangana	HYDERABAD	2023	15.71
Telangana	MAHBUBNAGAR	2023	4.67
Telangana	MAHBUBNAGAR	2023	12.36
Telangana	MAHBUBNAGAR	2021	6.36
Telangana	MAHBUBNAGAR	2021	15.05
Telangana	MAHBUBNAGAR	2021	6.39
Telangana	MAHBUBNAGAR	2022	10.85
Telangana	MAHBUBNAGAR	2022	16.23
Telangana	MAHBUBNAGAR	2022	1.18
Telangana	MAHBUBNAGAR	2022	1.72
Telangana	KARIMNAGAR	2023	3.42
Telangana	KARIMNAGAR	2023	4.16
Telangana	KARIMNAGAR	2023	1.4
Telangana	MEDAK	2021	7.88
Telangana	MEDAK	2021	7.55
Telangana	MEDAK	2021	5.98
Telangana	MEDAK	2022	7.18
Telangana	MEDAK	2022	6.52
Telangana	MEDAK	2022	7.06
Telangana	MEDAK	2022	7.6
Telangana	MEDAK	2023	8.91
Telangana	MEDAK	2023	5.76
Telangana	MAHBUBNAGAR	2023	3.63
Telangana	KHAMMAM	2021	9.12
Telangana	KHAMMAM	2021	6.69
Telangana	KHAMMAM	2021	7.34
Telangana	KHAMMAM	2022	8.91
Telangana	KHAMMAM	2022	11.33
Telangana	KHAMMAM	2022	1.46
Telangana	KHAMMAM	2023	10.28
Telangana	KHAMMAM	2023	11.69
Telangana	KHAMMAM	2023	3.25
Telangana	ADILABAD	2021	1.55
Telangana	ADILABAD	2021	-0.04
Telangana	ADILABAD	2021	0.33
Telangana	ADILABAD	2022	1.44
Telangana	ADILABAD	2022	1.21
Telangana	ADILABAD	2022	-0.24
Telangana	ADILABAD	2022	-0.02
Telangana	ADILABAD	2023	3
Telangana	ADILABAD	2023	1.34
Telangana	ADILABAD	2023	2.26
Telangana	MAHBUBNAGAR	2022	3.8
Telangana	MAHBUBNAGAR	2022	3.3
Telangana	NAGARKURNOOL	2023	6.98
Telangana	NAGARKURNOOL	2023	5.94
Telangana	NAGARKURNOOL	2023	8.71
Telangana	MAHBUBNAGAR	2021	6.81
Telangana	MAHBUBNAGAR	2021	5.88
Telangana	MAHBUBNAGAR	2021	3.84
Telangana	MAHBUBNAGAR	2022	6.64
Telangana	MAHBUBNAGAR	2022	10.3
Telangana	MAHBUBNAGAR	2022	7.46
Telangana	MAHBUBNAGAR	2022	7.01
Telangana	MAHBUBNAGAR	2023	4.12
Telangana	MAHBUBNAGAR	2023	4.42
Telangana	KARIMNAGAR	2023	2.94
Telangana	WARANGAL RURAL	2021	3.55
Telangana	WARANGAL RURAL	2021	3.8
Telangana	WARANGAL RURAL	2021	3.03
Telangana	WARANGAL RURAL	2022	3.1
Telangana	WARANGAL RURAL	2022	5.65
Telangana	WARANGAL RURAL	2022	4.78
Telangana	WARANGAL RURAL	2022	3.3
Telangana	WARANGAL RURAL	2023	4.22
Telangana	WARANGAL RURAL	2023	6.1
Telangana	WARANGAL RURAL	2023	5.33
Telangana	MAHBUBNAGAR	2022	3.43
Telangana	MAHBUBNAGAR	2022	6.01
Telangana	MAHBUBNAGAR	2022	0.74
Telangana	MAHBUBNAGAR	2022	-0.2
Telangana	NAGARKURNOOL	2023	0.86
Telangana	NAGARKURNOOL	2023	0.99
Telangana	NAGARKURNOOL	2023	0.06
Telangana	KHAMMAM	2022	5.08
Telangana	KHAMMAM	2022	8.29
Telangana	KHAMMAM	2022	1.16
Telangana	KHAMMAM	2022	3.68
Telangana	KHAMMAM	2023	10.91
Telangana	KHAMMAM	2023	4.14
Telangana	KARIMNAGAR	2023	1.1
Telangana	WARANGAL RURAL	2021	4.73
Telangana	WARANGAL RURAL	2021	4.18
Telangana	WARANGAL RURAL	2021	4.38
Telangana	WARANGAL RURAL	2022	5.3
Telangana	WARANGAL RURAL	2022	12.51
Telangana	WARANGAL RURAL	2022	3.61
Telangana	WARANGAL RURAL	2022	4.13
Telangana	WARANGAL RURAL	2023	5.91
Telangana	WARANGAL RURAL	2023	21.6
Telangana	WARANGAL RURAL	2023	6.39
Telangana	JANGAON	2023	5.91
Telangana	KHAMMAM	2023	1.63
Telangana	KHAMMAM	2023	2.3
Telangana	KHAMMAM	2023	1.21
Telangana	KHAMMAM	2021	1.46
Telangana	KHAMMAM	2021	0.5
Telangana	KHAMMAM	2021	1.93
Telangana	KHAMMAM	2022	1.28
Telangana	KHAMMAM	2022	2.2
Telangana	KHAMMAM	2022	0.82
Telangana	KHAMMAM	2022	0.91
Telangana	KARIMNAGAR	2021	2.95
Telangana	KARIMNAGAR	2021	2.53
Telangana	KARIMNAGAR	2021	1.36
Telangana	KARIMNAGAR	2022	1.74
Telangana	KARIMNAGAR	2022	4.18
Telangana	KARIMNAGAR	2022	3.8
Telangana	KARIMNAGAR	2022	1.28
Telangana	KARIMNAGAR	2023	3.42
Telangana	WARANGAL RURAL	2022	12.1
Telangana	WARANGAL RURAL	2022	14.15
Telangana	WARANGAL RURAL	2022	7.45
Telangana	WARANGAL RURAL	2022	8.9
Telangana	WARANGAL RURAL	2023	10.89
Telangana	WARANGAL RURAL	2023	7.22
Telangana	NAGARKURNOOL	2023	8.62
Telangana	NAGARKURNOOL	2023	13.46
Telangana	JAGITYAL	2023	5.78
Telangana	JAGITYAL	2023	4.31
Telangana	KHAMMAM	2023	3.79
Telangana	KHAMMAM	2023	5.38
Telangana	KHAMMAM	2023	2.8
Telangana	KHAMMAM	2022	3
Telangana	KHAMMAM	2022	5.02
Telangana	KHAMMAM	2022	1.37
Telangana	KHAMMAM	2022	1.87
Telangana	MEDAK	2021	1.75
Telangana	MEDAK	2022	6.82
Telangana	MEDAK	2022	1.37
Telangana	MEDAK	2023	4.35
Telangana	MEDAK	2023	2.75
Telangana	NALGONDA	2022	8.14
Telangana	NALGONDA	2022	1.71
Telangana	NALGONDA	2022	8.09
Telangana	NALGONDA	2022	1.6
Telangana	NALGONDA	2021	3.32
Telangana	NALGONDA	2021	2.02
Telangana	NALGONDA	2021	2.03
Telangana	NALGONDA	2022	2.54
Telangana	NALGONDA	2022	2.67
Telangana	NALGONDA	2022	2.33
Telangana	NALGONDA	2022	1.45
Telangana	NALGONDA	2023	2.83
Telangana	NALGONDA	2023	2.83
Telangana	NALGONDA	2023	3.55
Telangana	KHAMMAM	2022	8.33
Telangana	KHAMMAM	2022	5.7
Telangana	KHAMMAM	2022	4.76
Telangana	KHAMMAM	2023	9.54
Telangana	KHAMMAM	2023	4.97
Telangana	KHAMMAM	2022	3.09
Telangana	KHAMMAM	2022	0.97
Telangana	KHAMMAM	2022	1.18
Telangana	KHAMMAM	2023	2.26
Telangana	KHAMMAM	2023	1.12
Telangana	RANGA REDDY	2022	0.12
Telangana	RANGA REDDY	2022	15.04
Telangana	RANGA REDDY	2022	0.12
Telangana	RANGA REDDY	2022	0.49
Telangana	RANGA REDDY	2023	11.31
Telangana	RANGA REDDY	2023	2.02
Telangana	MAHBUBNAGAR	2021	9.35
Telangana	MAHBUBNAGAR	2021	11.35
Telangana	MAHBUBNAGAR	2021	11.33
Telangana	MAHBUBNAGAR	2022	12.75
Telangana	MAHBUBNAGAR	2022	14.49
Telangana	MAHBUBNAGAR	2022	11.29
Telangana	MAHBUBNAGAR	2022	10.53
Telangana	MAHBUBNAGAR	2023	8.62
Telangana	MAHBUBNAGAR	2023	12.25
Telangana	KARIMNAGAR	2021	4.18
Telangana	KARIMNAGAR	2021	3.88
Telangana	KARIMNAGAR	2021	1.91
Telangana	KARIMNAGAR	2022	5.47
Telangana	KARIMNAGAR	2022	9.5
Telangana	KARIMNAGAR	2022	2.49
Telangana	KARIMNAGAR	2022	0.02
Telangana	KARIMNAGAR	2023	5.78
Telangana	KARIMNAGAR	2023	7.9
Telangana	KARIMNAGAR	2023	2.05
Telangana	JAGITYAL	2023	7.9
Telangana	KARIMNAGAR	2022	4.65
Telangana	KARIMNAGAR	2022	2.36
Telangana	KARIMNAGAR	2022	-0.38
Telangana	KARIMNAGAR	2023	4.31
Telangana	KARIMNAGAR	2023	0.95
Telangana	NALGONDA	2021	1.73
Telangana	NALGONDA	2021	0.48
Telangana	NALGONDA	2021	0.55
Telangana	NALGONDA	2022	1.02
Telangana	NALGONDA	2022	2.87
Telangana	NALGONDA	2022	0.26
Telangana	NALGONDA	2022	0.28
Telangana	NALGONDA	2023	1.3
Telangana	NALGONDA	2023	3.1
Telangana	NALGONDA	2023	1.75
Telangana	SURYAPET	2023	1.3
Telangana	HYDERABAD	2021	0.74
Telangana	HYDERABAD	2021	0.5
Telangana	HYDERABAD	2021	0.11
Telangana	HYDERABAD	2022	0.55
Telangana	HYDERABAD	2022	1.44
Telangana	HYDERABAD	2022	-0.27
Telangana	HYDERABAD	2022	0.15
Telangana	HYDERABAD	2023	1.34
Telangana	HYDERABAD	2023	1.26
Telangana	HYDERABAD	2023	0.7
Telangana	ADILABAD	2023	4.15
Telangana	ADILABAD	2023	20.1
Telangana	ADILABAD	2023	9.78
Telangana	MEDAK	2023	21.9
Telangana	ADILABAD	2022	19.9
Telangana	ADILABAD	2022	7.97
Telangana	ADILABAD	2022	6
Telangana	ADILABAD	2023	20.08
Telangana	ADILABAD	2023	10.05
Telangana	ADILABAD	2023	14.68
Telangana	ADILABAD	2022	12.26
Telangana	ADILABAD	2022	15.82
Telangana	ADILABAD	2022	11.55
Telangana	ADILABAD	2022	11
Telangana	ADILABAD	2023	15.41
Telangana	ADILABAD	2023	12.48
Telangana	KARIMNAGAR	2023	3.94
Telangana	KARIMNAGAR	2021	3.82
Telangana	KARIMNAGAR	2021	2.6
Telangana	KARIMNAGAR	2021	3.91
Telangana	KARIMNAGAR	2022	5.5
Telangana	KARIMNAGAR	2022	4.58
Telangana	KARIMNAGAR	2022	0.29
Telangana	KARIMNAGAR	2022	2.7
Telangana	KARIMNAGAR	2023	5.53
Telangana	KARIMNAGAR	2023	2.85
Telangana	NALGONDA	2021	1.89
Telangana	NALGONDA	2021	1.21
Telangana	NALGONDA	2021	1.4
Telangana	SIDDIPET	2023	10.88
Telangana	SIDDIPET	2023	13.13
Telangana	MEDAK	2023	13.8
Telangana	MEDAK	2023	12.03
Telangana	RANGA REDDY	2021	7.58
Telangana	RANGA REDDY	2021	10.2
Telangana	RANGA REDDY	2021	11.01
Telangana	RANGA REDDY	2022	7.87
Telangana	RANGA REDDY	2022	10.35
Telangana	RANGA REDDY	2022	6.01
Telangana	RANGA REDDY	2022	7.18
Telangana	RANGA REDDY	2023	8.91
Telangana	RANGA REDDY	2023	6.86
Telangana	RANGA REDDY	2021	2.4
Telangana	RANGA REDDY	2021	7.33
Telangana	RANGA REDDY	2022	4.9
Telangana	RANGA REDDY	2022	4.9
Telangana	RANGA REDDY	2022	2
Telangana	RANGA REDDY	2022	2.38
Telangana	RANGA REDDY	2023	4.85
Telangana	RANGA REDDY	2023	2.34
Telangana	VIKARABAD	2023	8.91
Telangana	NALGONDA	2021	2.05
Telangana	NALGONDA	2021	1.83
Telangana	NALGONDA	2021	0.55
Telangana	NALGONDA	2022	1.71
Telangana	NALGONDA	2022	3.19
Telangana	NALGONDA	2022	3.76
Telangana	NALGONDA	2022	2.55
Telangana	NALGONDA	2023	2.65
Telangana	NALGONDA	2023	2.37
Telangana	ADILABAD	2023	4.1
Telangana	ADILABAD	2021	3.15
Telangana	ADILABAD	2021	1.42
Telangana	ADILABAD	2021	2.94
Telangana	ADILABAD	2022	3.36
Telangana	ADILABAD	2022	5.78
Telangana	ADILABAD	2022	1.28
Telangana	ADILABAD	2022	2.85
Telangana	ADILABAD	2023	7.12
Telangana	ADILABAD	2023	2.66
Telangana	NIZAMABAD	2021	3.68
Telangana	NIZAMABAD	2021	2.13
Telangana	NIZAMABAD	2021	2.26
Telangana	NIZAMABAD	2022	2.16
Telangana	NIZAMABAD	2022	4.1
Telangana	NIZAMABAD	2022	1.41
Telangana	NIZAMABAD	2022	1.74
Telangana	NIZAMABAD	2023	1.65
Telangana	NIZAMABAD	2023	2.07
Telangana	NIZAMABAD	2023	1.9
Telangana	RANGA REDDY	2021	6.01
Telangana	RANGA REDDY	2021	6.88
Telangana	RANGA REDDY	2021	4.5
Telangana	RANGA REDDY	2022	8.45
Telangana	RANGA REDDY	2022	14.2
Telangana	RANGA REDDY	2022	8.94
Telangana	RANGA REDDY	2022	7.52
Telangana	RANGA REDDY	2023	11.09
Telangana	RANGA REDDY	2023	12.47
Telangana	RANGA REDDY	2023	8.04
Telangana	MEDCHAL	2023	11.09
Telangana	MEDCHAL	2023	11.97
Telangana	WARANGAL RURAL	2021	2.62
Telangana	WARANGAL RURAL	2021	2.08
Telangana	WARANGAL RURAL	2021	1.13
Telangana	WARANGAL RURAL	2022	6.43
Telangana	WARANGAL RURAL	2022	7.23
Telangana	WARANGAL RURAL	2022	3.8
Telangana	WARANGAL RURAL	2022	2.37
Telangana	WARANGAL RURAL	2023	7.28
Telangana	WARANGAL RURAL	2023	8.31
Telangana	WARANGAL RURAL	2023	7.66
Telangana	JANGAON	2023	7.28
Telangana	NAGARKURNOOL	2023	4.25
Telangana	NAGARKURNOOL	2023	8.29
Telangana	NAGARKURNOOL	2023	6.36
Telangana	MAHBUBNAGAR	2021	3.4
Telangana	MAHBUBNAGAR	2021	6.84
Telangana	MAHBUBNAGAR	2021	3.22
Telangana	MAHBUBNAGAR	2022	3.4
Telangana	MAHBUBNAGAR	2022	11.66
Telangana	MAHBUBNAGAR	2022	3.88
Telangana	MAHBUBNAGAR	2022	2.98
Telangana	MAHBUBNAGAR	2023	4.25
Telangana	MAHBUBNAGAR	2022	1.75
Telangana	MAHBUBNAGAR	2022	1.9
Telangana	MAHBUBNAGAR	2023	4.86
Telangana	WARANGAL RURAL	2021	1.2
Telangana	WARANGAL RURAL	2021	1.05
Telangana	WARANGAL RURAL	2021	0.67
Telangana	WARANGAL RURAL	2022	1.12
Telangana	WARANGAL RURAL	2022	1.8
Telangana	WARANGAL RURAL	2022	-0.22
Telangana	WARANGAL RURAL	2022	0.6
Telangana	WARANGAL RURAL	2023	3.05
Telangana	WARANGAL RURAL	2023	3.65
Telangana	WARANGAL RURAL	2023	1.86
Telangana	MAHBUBNAGAR	2021	14.1
Telangana	MAHBUBNAGAR	2021	17.4
Telangana	MAHBUBNAGAR	2021	12.66
Telangana	MAHBUBNAGAR	2022	13.5
Telangana	MAHBUBNAGAR	2022	17.38
Telangana	MAHBUBNAGAR	2022	9.2
Telangana	MAHBUBNAGAR	2023	9.88
Telangana	MAHBUBNAGAR	2023	12.7
Telangana	MAHBUBNAGAR	2023	16.49
Telangana	MAHBUBNAGAR	2023	9.95
Telangana	MAHBUBNAGAR	2021	16.73
Telangana	MAHBUBNAGAR	2021	19.21
Telangana	MAHBUBNAGAR	2021	6.76
Telangana	MAHBUBNAGAR	2022	14.76
Telangana	MAHBUBNAGAR	2022	16.51
Telangana	MAHBUBNAGAR	2022	19.87
Telangana	MAHBUBNAGAR	2022	9.76
Telangana	MAHBUBNAGAR	2023	14.07
Telangana	MAHBUBNAGAR	2021	2.58
Telangana	ADILABAD	2021	3.9
Telangana	ADILABAD	2021	5.47
Telangana	ADILABAD	2022	3.38
Telangana	ADILABAD	2022	5.55
Telangana	ADILABAD	2022	1.83
Telangana	ADILABAD	2022	2.71
Telangana	ADILABAD	2023	2.67
Telangana	ADILABAD	2023	4.59
Telangana	ADILABAD	2021	5.32
Telangana	ADILABAD	2021	2.24
Telangana	ADILABAD	2021	3.3
Telangana	ADILABAD	2022	4.81
Telangana	ADILABAD	2022	7.42
Telangana	ADILABAD	2022	2.11
Telangana	ADILABAD	2022	3.72
Telangana	ADILABAD	2023	5.42
Telangana	ADILABAD	2023	6.26
Telangana	ADILABAD	2023	3.42
Telangana	ADILABAD	2023	5.42
Telangana	ADILABAD	2023	7.62
Telangana	NALGONDA	2023	14.12
Telangana	KARIMNAGAR	2021	9.26
Telangana	KARIMNAGAR	2021	31.98
Telangana	KARIMNAGAR	2021	14.16
Telangana	KARIMNAGAR	2022	7.78
Telangana	KARIMNAGAR	2022	3.57
Telangana	KARIMNAGAR	2022	10.2
Telangana	KARIMNAGAR	2023	10.19
Telangana	KARIMNAGAR	2023	3.75
Telangana	KARIMNAGAR	2021	29.25
Telangana	KARIMNAGAR	2021	29.75
Telangana	KARIMNAGAR	2021	7.99
Telangana	KARIMNAGAR	2022	8.1
Telangana	KARIMNAGAR	2022	3.32
Telangana	KARIMNAGAR	2022	26.99
Telangana	KARIMNAGAR	2023	14.27
Telangana	KARIMNAGAR	2021	8.72
Telangana	KARIMNAGAR	2021	9.11
Telangana	KARIMNAGAR	2021	11.26
Telangana	KARIMNAGAR	2022	10.24
Telangana	KARIMNAGAR	2022	3.26
Telangana	KARIMNAGAR	2022	13
Telangana	KARIMNAGAR	2023	12.36
Telangana	MAHBUBNAGAR	2021	5.14
Telangana	MAHBUBNAGAR	2021	7.27
Telangana	MAHBUBNAGAR	2021	7.23
Telangana	MAHBUBNAGAR	2022	7.19
Telangana	MAHBUBNAGAR	2022	8.54
Telangana	MAHBUBNAGAR	2022	6.17
Telangana	MAHBUBNAGAR	2022	4.02
Telangana	MAHBUBNAGAR	2023	6.01
Telangana	MAHBUBNAGAR	2023	7.23
Telangana	MAHBUBNAGAR	2023	7.46
Telangana	RANGA REDDY	2021	6.08
Telangana	RANGA REDDY	2021	9
Telangana	RANGA REDDY	2021	4.33
Telangana	RANGA REDDY	2022	8.16
Telangana	RANGA REDDY	2022	11.06
Telangana	RANGA REDDY	2022	6.13
Telangana	RANGA REDDY	2023	16.83
Telangana	RANGA REDDY	2023	12.85
Telangana	RANGA REDDY	2023	9.21
Telangana	RANGA REDDY	2023	9.21
Telangana	MAHBUBNAGAR	2023	1.19
Telangana	MAHBUBNAGAR	2021	3.56
Telangana	MAHBUBNAGAR	2021	5.47
Telangana	MAHBUBNAGAR	2021	3.85
Telangana	MAHBUBNAGAR	2022	3.27
Telangana	MAHBUBNAGAR	2022	4.47
Telangana	MAHBUBNAGAR	2022	1.96
Telangana	MAHBUBNAGAR	2022	-0.11
Telangana	MAHBUBNAGAR	2023	0.4
Telangana	MAHBUBNAGAR	2023	1.86
Telangana	NAGARKURNOOL	2023	0.4
Telangana	NAGARKURNOOL	2023	1.19
Telangana	NALGONDA	2021	1.62
Telangana	NALGONDA	2021	1.7
Telangana	NALGONDA	2021	1.62
Telangana	NAGARKURNOOL	2023	13.35
Telangana	NAGARKURNOOL	2023	18.12
Telangana	NAGARKURNOOL	2023	20.62
Telangana	MAHBUBNAGAR	2021	12.94
Telangana	MAHBUBNAGAR	2021	15.41
Telangana	MAHBUBNAGAR	2021	20.75
Telangana	MAHBUBNAGAR	2022	15.17
Telangana	MAHBUBNAGAR	2022	20.82
Telangana	MAHBUBNAGAR	2022	15.21
Telangana	MAHBUBNAGAR	2022	13.75
Telangana	MAHBUBNAGAR	2023	13.35
Telangana	MAHBUBNAGAR	2023	20.62
Telangana	NALGONDA	2022	6.96
Telangana	NALGONDA	2022	5.71
Telangana	NALGONDA	2023	9.91
Telangana	NALGONDA	2023	8.13
Telangana	NALGONDA	2022	7.1
Telangana	NALGONDA	2022	5.84
Telangana	NALGONDA	2023	9.16
Telangana	NALGONDA	2023	7.77
Telangana	NALGONDA	2022	7.15
Telangana	NALGONDA	2022	5.91
Telangana	NALGONDA	2023	9.01
Telangana	NALGONDA	2023	7.21
Telangana	RANGA REDDY	2021	4.9
Telangana	RANGA REDDY	2021	2.2
Telangana	RANGA REDDY	2021	2.03
Telangana	RANGA REDDY	2022	4.95
Telangana	RANGA REDDY	2022	3.56
Telangana	RANGA REDDY	2022	2.21
Telangana	RANGA REDDY	2022	2.2
Telangana	RANGA REDDY	2023	5.14
Telangana	RANGA REDDY	2023	3.66
Telangana	MAHBUBNAGAR	2021	13.8
Telangana	MAHBUBNAGAR	2021	12.5
Telangana	MAHBUBNAGAR	2021	11.32
Telangana	MAHBUBNAGAR	2022	13.2
Telangana	MAHBUBNAGAR	2022	14.02
Telangana	MAHBUBNAGAR	2022	7.4
Telangana	MAHBUBNAGAR	2022	8.39
Telangana	MAHBUBNAGAR	2023	12.09
Telangana	MAHBUBNAGAR	2023	12.52
Telangana	WARANGAL RURAL	2021	5.88
Telangana	WARANGAL RURAL	2021	6.18
Telangana	WARANGAL RURAL	2021	5.06
Telangana	WARANGAL RURAL	2022	5.61
Telangana	WARANGAL RURAL	2022	8.98
Telangana	WARANGAL RURAL	2022	2.6
Telangana	WARANGAL RURAL	2022	2.18
Telangana	WARANGAL RURAL	2023	3.77
Telangana	WARANGAL RURAL	2023	6.11
Telangana	WARANGAL RURAL	2023	3.5
Telangana	JANGAON	2023	3.77
Telangana	MAHBUBNAGAR	2022	1.92
Telangana	MAHBUBNAGAR	2022	3.98
Telangana	MAHBUBNAGAR	2022	1.79
Telangana	MAHBUBNAGAR	2022	1.51
Telangana	MAHBUBNAGAR	2023	1.68
Telangana	MAHBUBNAGAR	2021	3.83
Telangana	MAHBUBNAGAR	2022	4.48
Telangana	MAHBUBNAGAR	2022	4.6
Telangana	MAHBUBNAGAR	2022	2.84
Telangana	MAHBUBNAGAR	2022	2.97
Telangana	MAHBUBNAGAR	2023	5.66
Telangana	NALGONDA	2021	5.06
Telangana	NALGONDA	2021	5.63
Telangana	NALGONDA	2021	1.02
Telangana	NALGONDA	2022	2.4
Telangana	NALGONDA	2022	6.68
Telangana	NALGONDA	2022	3.25
Telangana	NALGONDA	2022	4.1
Telangana	NALGONDA	2023	6.6
Telangana	NALGONDA	2023	1.58
Telangana	WANAPARTHY	2023	8.18
Telangana	WANAPARTHY	2023	7.71
Telangana	MAHBUBNAGAR	2023	8.18
Telangana	MAHBUBNAGAR	2023	7.24
Telangana	WARANGAL RURAL	2021	1.4
Telangana	WARANGAL RURAL	2021	4.5
Telangana	WARANGAL RURAL	2021	2.87
Telangana	WARANGAL RURAL	2022	2.34
Telangana	WARANGAL RURAL	2022	10.58
Telangana	WARANGAL RURAL	2022	2.15
Telangana	WARANGAL RURAL	2022	1.35
Telangana	WARANGAL RURAL	2023	3.22
Telangana	WARANGAL RURAL	2023	7.6
Telangana	WARANGAL RURAL	2023	3.06
Telangana	WARANGAL RURAL	2022	0.59
Telangana	WARANGAL RURAL	2022	1.6
Telangana	WARANGAL RURAL	2023	7.21
Telangana	WARANGAL RURAL	2023	1.58
Telangana	WARANGAL RURAL	2022	2.69
Telangana	WARANGAL RURAL	2022	3.46
Telangana	WARANGAL RURAL	2022	1.92
Telangana	WARANGAL RURAL	2023	7.12
Telangana	MAHBUBNAGAR	2021	5.69
Telangana	MEDAK	2023	3.96
Telangana	MAHBUBNAGAR	2021	7.7
Telangana	MAHBUBNAGAR	2021	6.92
Telangana	MAHBUBNAGAR	2021	7.21
Telangana	MAHBUBNAGAR	2022	7.64
Telangana	MAHBUBNAGAR	2022	8.37
Telangana	MAHBUBNAGAR	2022	3.99
Telangana	MAHBUBNAGAR	2022	6.88
Telangana	NIZAMABAD	2021	14.51
Telangana	NIZAMABAD	2022	13.11
Telangana	NAGARKURNOOL	2023	3.36
Telangana	NAGARKURNOOL	2023	7.14
Telangana	NAGARKURNOOL	2023	7.72
Telangana	MAHBUBNAGAR	2021	14.15
Telangana	MAHBUBNAGAR	2021	13.71
Telangana	MAHBUBNAGAR	2021	9.22
Telangana	MAHBUBNAGAR	2022	9.63
Telangana	MAHBUBNAGAR	2022	11.68
Telangana	MAHBUBNAGAR	2022	7.75
Telangana	MAHBUBNAGAR	2022	1.77
Telangana	MAHBUBNAGAR	2023	3.36
Telangana	MAHBUBNAGAR	2023	7.72
Telangana	NALGONDA	2023	3.17
Telangana	NALGONDA	2023	4.67
Telangana	NALGONDA	2023	8.7
Telangana	NALGONDA	2021	2.93
Telangana	NALGONDA	2021	2.87
Telangana	NALGONDA	2021	3.37
Telangana	NALGONDA	2022	3.11
Telangana	NALGONDA	2022	4.14
Telangana	NALGONDA	2022	2.94
Telangana	NALGONDA	2022	2.4
Telangana	NALGONDA	2023	4.7
Telangana	KARIMNAGAR	2021	3.57
Telangana	KARIMNAGAR	2021	3.65
Telangana	KARIMNAGAR	2021	3.31
Telangana	KARIMNAGAR	2022	4.03
Telangana	KARIMNAGAR	2022	5.3
Telangana	KARIMNAGAR	2022	1.11
Telangana	KARIMNAGAR	2022	2.27
Telangana	KARIMNAGAR	2023	4.53
Telangana	KARIMNAGAR	2023	6.45
Telangana	KARIMNAGAR	2023	2.67
Telangana	NALGONDA	2021	5.06
Telangana	NALGONDA	2021	3.62
Telangana	NALGONDA	2021	4.22
Telangana	NALGONDA	2022	4.86
Telangana	NALGONDA	2022	5.71
Telangana	NALGONDA	2022	3.57
Telangana	NALGONDA	2022	3.51
Telangana	NALGONDA	2023	7
Telangana	NALGONDA	2023	5.24
Telangana	KHAMMAM	2021	6.28
Telangana	KHAMMAM	2021	3.45
Telangana	KHAMMAM	2021	5.76
Telangana	KHAMMAM	2022	6.65
Telangana	KHAMMAM	2022	9.54
Telangana	KHAMMAM	2022	1.33
Telangana	KHAMMAM	2022	5.6
Telangana	KHAMMAM	2023	8.94
Telangana	KHAMMAM	2023	3.24
Telangana	MAHBUBNAGAR	2021	1.84
Telangana	MAHBUBNAGAR	2021	2.02
Telangana	MAHBUBNAGAR	2021	1.18
Telangana	MAHBUBNAGAR	2022	2.44
Telangana	MAHBUBNAGAR	2022	5.7
Telangana	MAHBUBNAGAR	2022	2.34
Telangana	MAHBUBNAGAR	2022	1.25
Telangana	MAHBUBNAGAR	2023	3.38
Telangana	MAHBUBNAGAR	2023	2.96
Telangana	KARIMNAGAR	2021	0.42
Telangana	KARIMNAGAR	2021	4.57
Telangana	KARIMNAGAR	2021	3.71
Telangana	KARIMNAGAR	2022	4.65
Telangana	KARIMNAGAR	2022	7.47
Telangana	KARIMNAGAR	2022	3.77
Telangana	KARIMNAGAR	2022	4.4
Telangana	KARIMNAGAR	2023	6.25
Telangana	KARIMNAGAR	2023	8.5
Telangana	NAGARKURNOOL	2023	3.38
Telangana	NAGARKURNOOL	2023	5.43
Telangana	NAGARKURNOOL	2023	2.96
Telangana	MAHBUBNAGAR	2023	1.59
Telangana	RANGA REDDY	2022	1.45
Telangana	RANGA REDDY	2022	1.57
Telangana	NIZAMABAD	2022	0.63
Telangana	NIZAMABAD	2022	0.8
Telangana	NIZAMABAD	2022	-0.37
Telangana	NIZAMABAD	2022	0.05
Telangana	NIZAMABAD	2023	0.99
Telangana	RANGA REDDY	2021	7.18
Telangana	RANGA REDDY	2021	6.01
Telangana	RANGA REDDY	2021	6.33
Telangana	RANGA REDDY	2022	16.05
Telangana	RANGA REDDY	2022	2.68
Telangana	RANGA REDDY	2022	3.21
Telangana	RANGA REDDY	2023	7.52
Telangana	VIKARABAD	2023	7.59
Telangana	RANGA REDDY	2021	7.37
Telangana	RANGA REDDY	2021	10.7
Telangana	RANGA REDDY	2021	12.31
Telangana	RANGA REDDY	2022	7
Telangana	RANGA REDDY	2022	17.98
Telangana	RANGA REDDY	2022	3.19
Telangana	RANGA REDDY	2022	3.61
Telangana	RANGA REDDY	2023	7.59
Telangana	RANGA REDDY	2023	6.01
Telangana	KARIMNAGAR	2022	2.94
Telangana	KARIMNAGAR	2022	-0.82
Telangana	KARIMNAGAR	2023	3.4
Telangana	KHAMMAM	2021	3.78
Telangana	KHAMMAM	2021	4.95
Telangana	KHAMMAM	2021	4.71
Telangana	KHAMMAM	2022	6.43
Telangana	KHAMMAM	2022	6.9
Telangana	KHAMMAM	2022	5.47
Telangana	KHAMMAM	2023	7.08
Telangana	KHAMMAM	2023	8.17
Telangana	KHAMMAM	2023	6.95
Telangana	RANGA REDDY	2023	5.93
Telangana	RANGA REDDY	2023	6.25
Telangana	MAHBUBNAGAR	2021	6.11
Telangana	MAHBUBNAGAR	2021	5.62
Telangana	MAHBUBNAGAR	2021	5.12
Telangana	MAHBUBNAGAR	2022	5.8
Telangana	MAHBUBNAGAR	2022	8.34
Telangana	MAHBUBNAGAR	2022	5.4
Telangana	MAHBUBNAGAR	2022	3.93
Telangana	MAHBUBNAGAR	2023	7.81
Telangana	KHAMMAM	2022	1.96
Telangana	KHAMMAM	2022	2.35
Telangana	KHAMMAM	2023	3.42
Telangana	MAHBUBNAGAR	2023	2.96
Telangana	MAHBUBNAGAR	2023	6.59
Telangana	MAHBUBNAGAR	2023	6.62
Telangana	MAHBUBNAGAR	2022	2.43
Telangana	MAHBUBNAGAR	2022	1.62
Telangana	MEDAK	2023	11.5
Telangana	NALGONDA	2022	1.17
Telangana	NALGONDA	2022	0.95
Telangana	NALGONDA	2023	2.47
Telangana	NALGONDA	2023	2.25
Telangana	NALGONDA	2022	1.19
Telangana	NALGONDA	2022	1.08
Telangana	NALGONDA	2023	2.57
Telangana	NALGONDA	2023	2.1
Telangana	ADILABAD	2023	9
Telangana	ADILABAD	2021	1.54
Telangana	ADILABAD	2021	1.95
Telangana	ADILABAD	2022	2.71
Telangana	ADILABAD	2022	3.01
Telangana	ADILABAD	2022	12.05
Telangana	ADILABAD	2022	5.8
Telangana	ADILABAD	2022	6.76
Telangana	ADILABAD	2023	7.75
Telangana	ADILABAD	2023	3.79
Telangana	JANGAON	2023	1.51
Telangana	WARANGAL RURAL	2021	0.61
Telangana	WARANGAL RURAL	2021	0.55
Telangana	WARANGAL RURAL	2021	0.06
Telangana	WARANGAL RURAL	2022	0.79
Telangana	WARANGAL RURAL	2022	1.96
Telangana	WARANGAL RURAL	2022	-0.76
Telangana	WARANGAL RURAL	2022	-0.11
Telangana	WARANGAL RURAL	2023	1.51
Telangana	WARANGAL RURAL	2023	3.47
Telangana	WARANGAL RURAL	2023	0.6
Telangana	MEDAK	2023	15.88
Telangana	MEDAK	2023	5.68
Telangana	NIZAMABAD	2021	5.85
Telangana	NIZAMABAD	2021	6.45
Telangana	NIZAMABAD	2021	2.5
Telangana	NIZAMABAD	2022	3.33
Telangana	NIZAMABAD	2022	8.11
Telangana	NIZAMABAD	2022	2.1
Telangana	NIZAMABAD	2022	3.03
Telangana	NIZAMABAD	2023	4.45
Telangana	NIZAMABAD	2023	8.81
Telangana	NIZAMABAD	2023	2.82
Telangana	ADILABAD	2021	7.25
Telangana	ADILABAD	2021	6.66
Telangana	ADILABAD	2022	8.44
Telangana	WANAPARTHY	2023	6.01
Telangana	MEDAK	2021	5.04
Telangana	MEDAK	2021	9.35
Telangana	MEDAK	2022	11.53
Telangana	MEDAK	2022	11.45
Telangana	MEDAK	2022	7.77
Telangana	MEDAK	2022	6.64
Telangana	MEDAK	2023	11.34
Telangana	MEDAK	2023	10.62
Telangana	MEDAK	2023	8.27
Telangana	SANGA REDDY	2023	11.34
Telangana	NALGONDA	2021	1.36
Telangana	NALGONDA	2021	0.95
Telangana	NALGONDA	2021	1.04
Telangana	NALGONDA	2022	1.47
Telangana	NALGONDA	2022	2.15
Telangana	NALGONDA	2022	0.8
Telangana	NALGONDA	2022	0.95
Telangana	NALGONDA	2023	2.62
Telangana	NALGONDA	2023	1.08
Telangana	NALGONDA	2021	1.52
Telangana	NALGONDA	2021	1.06
Telangana	NALGONDA	2021	1.1
Telangana	NALGONDA	2022	1.59
Telangana	NALGONDA	2022	1.31
Telangana	NALGONDA	2022	0.88
Telangana	NALGONDA	2022	1.1
Telangana	NALGONDA	2023	2.75
Telangana	NALGONDA	2023	1.05
Telangana	MEDAK	2022	2.41
Telangana	MEDAK	2023	13.69
Telangana	MEDAK	2023	4.05
Telangana	MEDAK	2022	6.06
Telangana	MEDAK	2022	13.61
Telangana	MEDAK	2022	2.31
Telangana	MEDAK	2022	1.92
Telangana	MEDAK	2023	7.37
Telangana	MEDAK	2023	8.42
Telangana	WARANGAL RURAL	2021	2.66
Telangana	WARANGAL RURAL	2021	2.04
Telangana	WARANGAL RURAL	2021	2.4
Telangana	WARANGAL RURAL	2022	2.59
Telangana	WARANGAL RURAL	2022	2.89
Telangana	WARANGAL RURAL	2022	1.18
Telangana	WARANGAL RURAL	2022	2.32
Telangana	WARANGAL RURAL	2023	3.27
Telangana	WARANGAL RURAL	2023	1.93
Telangana	SIDDIPET	2023	9.45
Telangana	MEDAK	2021	4.72
Telangana	MEDAK	2022	4.13
Telangana	MEDAK	2022	9.76
Telangana	MEDAK	2022	6.63
Telangana	MEDAK	2022	6.96
Telangana	MEDAK	2023	9.14
Telangana	MEDAK	2023	3.55
Telangana	MAHBUBNAGAR	2021	1.25
Telangana	MAHBUBNAGAR	2022	12.16
Telangana	MAHBUBNAGAR	2022	5.51
Telangana	MAHBUBNAGAR	2023	8.25
Telangana	HYDERABAD	2023	6.56
Telangana	HYDERABAD	2021	5.9
Telangana	HYDERABAD	2021	5.11
Telangana	HYDERABAD	2021	4.22
Telangana	HYDERABAD	2022	5.67
Telangana	HYDERABAD	2022	10.27
Telangana	HYDERABAD	2022	4.67
Telangana	HYDERABAD	2022	4.45
Telangana	HYDERABAD	2023	6.82
Telangana	HYDERABAD	2023	4.69
Telangana	MAHBUBNAGAR	2021	9.58
Telangana	MAHBUBNAGAR	2021	8.33
Telangana	MAHBUBNAGAR	2021	5.48
Telangana	MAHBUBNAGAR	2022	10.08
Telangana	MAHBUBNAGAR	2022	13.8
Telangana	MAHBUBNAGAR	2022	9.74
Telangana	MAHBUBNAGAR	2022	9.16
Telangana	MAHBUBNAGAR	2023	11.32
Telangana	MAHBUBNAGAR	2023	10.31
Telangana	WANAPARTHY	2023	11.32
Telangana	WANAPARTHY	2023	14.52
Telangana	YADADRI	2023	3.24
Telangana	NALGONDA	2021	1.83
Telangana	NALGONDA	2021	1.91
Telangana	NALGONDA	2021	1.76
Telangana	NALGONDA	2022	2.42
Telangana	NALGONDA	2022	4.07
Telangana	NALGONDA	2022	1.85
Telangana	NALGONDA	2022	1.83
Telangana	NALGONDA	2023	4.2
Telangana	NALGONDA	2023	1.22
Telangana	KARIMNAGAR	2023	7.52
Telangana	RANGA REDDY	2021	7.42
Telangana	RANGA REDDY	2021	3.17
Telangana	RANGA REDDY	2021	2.06
Telangana	RANGA REDDY	2022	7.33
Telangana	RANGA REDDY	2022	10.31
Telangana	RANGA REDDY	2022	5.8
Telangana	RANGA REDDY	2022	4.65
Telangana	RANGA REDDY	2023	30.56
Telangana	RANGA REDDY	2023	6.42
Telangana	MAHBUBNAGAR	2021	40.6
Telangana	MAHBUBNAGAR	2021	3.31
Telangana	MAHBUBNAGAR	2022	3.34
Telangana	MAHBUBNAGAR	2022	4.47
Telangana	MAHBUBNAGAR	2022	2.17
Telangana	MAHBUBNAGAR	2022	1.85
Telangana	MAHBUBNAGAR	2023	2.56
Telangana	MAHBUBNAGAR	2021	3.6
Telangana	MAHBUBNAGAR	2022	10.16
Telangana	MAHBUBNAGAR	2022	13.61
Telangana	MAHBUBNAGAR	2022	10.02
Telangana	MAHBUBNAGAR	2022	9.5
Telangana	MAHBUBNAGAR	2023	13.87
Telangana	MAHBUBNAGAR	2022	7.19
Telangana	MAHBUBNAGAR	2022	8.55
Telangana	MAHBUBNAGAR	2023	7.61
Telangana	MAHBUBNAGAR	2022	7.92
Telangana	MAHBUBNAGAR	2022	12.36
Telangana	MAHBUBNAGAR	2022	6.77
Telangana	MAHBUBNAGAR	2022	8.08
Telangana	MAHBUBNAGAR	2022	7.03
Telangana	MAHBUBNAGAR	2022	8.31
Telangana	MAHBUBNAGAR	2023	7.46
Telangana	RANGA REDDY	2021	4.76
Telangana	RANGA REDDY	2021	6.11
Telangana	RANGA REDDY	2021	4.93
Telangana	RANGA REDDY	2022	7.3
Telangana	RANGA REDDY	2022	2.95
Telangana	KHAMMAM	2023	1.72
Telangana	KARIMNAGAR	2021	7.68
Telangana	KARIMNAGAR	2021	5.77
Telangana	KARIMNAGAR	2021	5.28
Telangana	KARIMNAGAR	2022	6.98
Telangana	KARIMNAGAR	2022	6.7
Telangana	KARIMNAGAR	2022	5.32
Telangana	KARIMNAGAR	2022	5.1
Telangana	KARIMNAGAR	2023	8.05
Telangana	KARIMNAGAR	2023	5.5
Telangana	KARIMNAGAR	2021	3.22
Telangana	KARIMNAGAR	2021	2.5
Telangana	KARIMNAGAR	2021	2.08
Telangana	KARIMNAGAR	2022	2.67
Telangana	KARIMNAGAR	2022	5.65
Telangana	KARIMNAGAR	2022	4.69
Telangana	KARIMNAGAR	2023	5.8
Telangana	KARIMNAGAR	2023	2.89
Telangana	HANAMKONDA	2023	3.19
Telangana	MAHBUBNAGAR	2023	15.3
Telangana	MAHBUBNAGAR	2021	16.72
Telangana	MAHBUBNAGAR	2021	28.49
Telangana	MAHBUBNAGAR	2021	9.75
Telangana	MAHBUBNAGAR	2022	11.17
Telangana	MAHBUBNAGAR	2022	17.44
Telangana	MAHBUBNAGAR	2022	25.2
Telangana	MAHBUBNAGAR	2022	6.87
Telangana	RANGA REDDY	2023	13.32
Telangana	RANGA REDDY	2023	14.39
Telangana	MEDAK	2022	3.81
Telangana	MEDAK	2022	12.2
Telangana	MEDAK	2023	20.05
Telangana	MEDAK	2023	17.15
Telangana	MEDAK	2022	3.81
Telangana	MEDAK	2023	20.75
Telangana	WARANGAL RURAL	2022	1.31
Telangana	WARANGAL RURAL	2022	1.9
Telangana	WARANGAL RURAL	2023	10.25
Telangana	WARANGAL RURAL	2023	1.54
Telangana	WARANGAL RURAL	2022	1.97
Telangana	WARANGAL RURAL	2022	3.03
Telangana	WARANGAL RURAL	2022	1.15
Telangana	WARANGAL RURAL	2022	1.27
Telangana	WARANGAL RURAL	2023	18.92
Telangana	WARANGAL RURAL	2023	1.98
Telangana	NALGONDA	2023	2.74
Telangana	NALGONDA	2023	1.21
Telangana	NALGONDA	2021	1.34
Telangana	NALGONDA	2021	1.41
Telangana	NALGONDA	2021	0.8
Telangana	NALGONDA	2022	1.89
Telangana	NALGONDA	2022	1.44
Telangana	NALGONDA	2022	0.91
Telangana	NALGONDA	2022	0.54
Telangana	NALGONDA	2023	3.42
Telangana	KHAMMAM	2021	2.5
Telangana	KHAMMAM	2022	3.27
Telangana	KHAMMAM	2022	2.62
Telangana	KHAMMAM	2022	0.92
Telangana	KHAMMAM	2023	3.18
Telangana	KHAMMAM	2023	3.35
Telangana	KHAMMAM	2023	3.11
Telangana	KHAMMAM	2023	1.9
Telangana	KHAMMAM	2022	5.22
Telangana	KHAMMAM	2022	1.19
Telangana	KHAMMAM	2022	1.93
Telangana	KHAMMAM	2023	6.52
Telangana	KHAMMAM	2023	2.21
Telangana	WARANGAL RURAL	2023	3.06
Telangana	WARANGAL RURAL	2023	3.6
Telangana	WARANGAL RURAL	2021	1.85
Telangana	WARANGAL RURAL	2021	0.48
Telangana	WARANGAL RURAL	2021	0.79
Telangana	WARANGAL RURAL	2022	2.11
Telangana	WARANGAL RURAL	2022	3.82
Telangana	WARANGAL RURAL	2022	-0.83
Telangana	WARANGAL RURAL	2022	0.5
Telangana	WARANGAL RURAL	2023	0.62
Telangana	WARANGAL RURAL	2023	6.39
Telangana	WARANGAL RURAL	2023	6.7
Telangana	WARANGAL RURAL	2023	5.67
Telangana	MAHBUBNAGAR	2021	4.62
Telangana	MAHBUBNAGAR	2021	1.75
Telangana	MAHBUBNAGAR	2021	3.7
Telangana	MAHBUBNAGAR	2022	5.3
Telangana	MAHBUBNAGAR	2022	7.43
Telangana	MAHBUBNAGAR	2022	3.1
Telangana	MAHBUBNAGAR	2022	3.45
Telangana	MAHBUBNAGAR	2023	3.87
Telangana	RANGA REDDY	2021	8
Telangana	RANGA REDDY	2021	10.48
Telangana	RANGA REDDY	2021	3.41
Telangana	RANGA REDDY	2022	10.62
Telangana	RANGA REDDY	2022	8.78
Telangana	RANGA REDDY	2022	3.45
Telangana	RANGA REDDY	2022	4.23
Telangana	RANGA REDDY	2023	9.1
Telangana	WARANGAL RURAL	2023	4.74
Telangana	WARANGAL RURAL	2023	5.73
Telangana	WARANGAL RURAL	2023	2.38
Telangana	NALGONDA	2023	2.59
Telangana	NALGONDA	2021	0.9
Telangana	NALGONDA	2021	0.38
Telangana	NALGONDA	2021	0.28
Telangana	NALGONDA	2022	1.33
Telangana	NALGONDA	2022	1.85
Telangana	NALGONDA	2022	0.59
Telangana	NALGONDA	2022	0.49
Telangana	NALGONDA	2023	2.01
Telangana	NALGONDA	2023	2.34
Telangana	KHAMMAM	2022	6.07
Telangana	KHAMMAM	2022	5.01
Telangana	KHAMMAM	2022	5.2
Telangana	KHAMMAM	2023	7.09
Telangana	KHAMMAM	2023	5.17
Telangana	NALGONDA	2021	1.78
Telangana	NALGONDA	2021	3.48
Telangana	NALGONDA	2021	2.04
Telangana	NALGONDA	2022	2.18
Telangana	NALGONDA	2022	5.7
Telangana	NALGONDA	2022	0.79
Telangana	NALGONDA	2022	0.86
Telangana	NALGONDA	2023	2.54
Telangana	NALGONDA	2023	4.28
Telangana	NALGONDA	2023	2.59
Telangana	NALGONDA	2021	1.73
Telangana	NALGONDA	2021	2.2
Telangana	NALGONDA	2022	1.6
Telangana	NALGONDA	2022	3.96
Telangana	NALGONDA	2022	2.85
Telangana	NALGONDA	2022	1.33
Telangana	NALGONDA	2023	2.25
Telangana	NALGONDA	2023	4.37
Telangana	NALGONDA	2023	3.8
Telangana	KHAMMAM	2023	3.97
Telangana	KHAMMAM	2023	5.08
Telangana	KHAMMAM	2023	3.75
Telangana	KHAMMAM	2021	3.08
Telangana	KHAMMAM	2021	2.76
Telangana	KHAMMAM	2021	3
Telangana	KHAMMAM	2022	3.47
Telangana	KHAMMAM	2022	5.65
Telangana	KHAMMAM	2022	4.19
Telangana	KHAMMAM	2022	2.28
Telangana	MEDAK	2021	3.6
Telangana	MEDAK	2021	0.8
Telangana	MEDAK	2022	4.05
Telangana	MEDAK	2022	1.65
Telangana	MEDAK	2022	0.7
Telangana	MEDAK	2022	0.95
Telangana	MEDAK	2023	4.88
Telangana	MEDAK	2023	2.41
Telangana	MEDAK	2023	6.29
Telangana	MEDAK	2023	18.5